crawled_at,property_name,property_id,competitor_name,channel,course_name,holes,play_date,day_of_week,time_of_day,green_fee_krw,green_fee_usd,cart_included,caddy_included,url,error,is_own
2026-04-28 22:45:16,소노펠리체CC 하이퐁,golf_haiphong,자사,몽키트래블,소노펠리체CC 하이퐁,18,2026-04-29,주중,오전,145965,99.07,True,True,https://www.monkeytravel.com/gu/ko/golf/guam-golf/product/product_detail.php?product_id=1076765242,,True
2026-04-28 22:45:16,소노펠리체CC 하이퐁,golf_haiphong,자사,몽키트래블,소노펠리체CC 하이퐁,18,2026-04-29,주중,오후,145965,99.07,True,True,https://www.monkeytravel.com/gu/ko/golf/guam-golf/product/product_detail.php?product_id=1076765242,,True
2026-04-28 22:45:18,소노펠리체CC 하이퐁,golf_haiphong,자사,몽키트래블,소노펠리체CC 하이퐁,18,2026-04-30,주말,오전,176375,119.71,True,True,https://www.monkeytravel.com/gu/ko/golf/guam-golf/product/product_detail.php?product_id=1076765242,,True
2026-04-28 22:45:18,소노펠리체CC 하이퐁,golf_haiphong,자사,몽키트래블,소노펠리체CC 하이퐁,18,2026-04-30,주말,오후,176375,119.71,True,True,https://www.monkeytravel.com/gu/ko/golf/guam-golf/product/product_detail.php?product_id=1076765242,,True
2026-04-28 22:45:20,소노펠리체CC 하이퐁,golf_haiphong,자사,몽키트래블,소노펠리체CC 하이퐁,18,2026-05-01,주말,오전,176375,119.71,True,True,https://www.monkeytravel.com/gu/ko/golf/guam-golf/product/product_detail.php?product_id=1076765242,,True
2026-04-28 22:45:20,소노펠리체CC 하이퐁,golf_haiphong,자사,몽키트래블,소노펠리체CC 하이퐁,18,2026-05-01,주말,오후,176375,119.71,True,True,https://www.monkeytravel.com/gu/ko/golf/guam-golf/product/product_detail.php?product_id=1076765242,,True
2026-04-28 22:45:22,소노펠리체CC 하이퐁,golf_haiphong,자사,몽키트래블,소노펠리체CC 하이퐁,18,2026-05-02,주말,오전,176375,119.71,True,True,https://www.monkeytravel.com/gu/ko/golf/guam-golf/product/product_detail.php?product_id=1076765242,,True
2026-04-28 22:45:22,소노펠리체CC 하이퐁,golf_haiphong,자사,몽키트래블,소노펠리체CC 하이퐁,18,2026-05-02,주말,오후,176375,119.71,True,True,https://www.monkeytravel.com/gu/ko/golf/guam-golf/product/product_detail.php?product_id=1076765242,,True
2026-04-28 22:45:24,소노펠리체CC 하이퐁,golf_haiphong,자사,몽키트래블,소노펠리체CC 하이퐁,18,2026-05-03,주말,오전,176375,119.71,True,True,https://www.monkeytravel.com/gu/ko/golf/guam-golf/product/product_detail.php?product_id=1076765242,,True
2026-04-28 22:45:24,소노펠리체CC 하이퐁,golf_haiphong,자사,몽키트래블,소노펠리체CC 하이퐁,18,2026-05-03,주말,오후,176375,119.71,True,True,https://www.monkeytravel.com/gu/ko/golf/guam-golf/product/product_detail.php?product_id=1076765242,,True
2026-04-28 22:45:26,소노펠리체CC 하이퐁,golf_haiphong,자사,몽키트래블,소노펠리체CC 하이퐁,18,2026-05-04,주중,오전,145965,99.07,True,True,https://www.monkeytravel.com/gu/ko/golf/guam-golf/product/product_detail.php?product_id=1076765242,,True
2026-04-28 22:45:26,소노펠리체CC 하이퐁,golf_haiphong,자사,몽키트래블,소노펠리체CC 하이퐁,18,2026-05-04,주중,오후,145965,99.07,True,True,https://www.monkeytravel.com/gu/ko/golf/guam-golf/product/product_detail.php?product_id=1076765242,,True
2026-04-28 22:45:27,소노펠리체CC 하이퐁,golf_haiphong,자사,몽키트래블,소노펠리체CC 하이퐁,18,2026-05-05,주말,오전,176375,119.71,True,True,https://www.monkeytravel.com/gu/ko/golf/guam-golf/product/product_detail.php?product_id=1076765242,,True
2026-04-28 22:45:27,소노펠리체CC 하이퐁,golf_haiphong,자사,몽키트래블,소노펠리체CC 하이퐁,18,2026-05-05,주말,오후,176375,119.71,True,True,https://www.monkeytravel.com/gu/ko/golf/guam-golf/product/product_detail.php?product_id=1076765242,,True
2026-04-28 22:45:30,소노펠리체CC 하이퐁,golf_haiphong,자사,몽키트래블,소노펠리체CC 하이퐁,18,2026-05-06,주중,오전,145965,99.07,True,True,https://www.monkeytravel.com/gu/ko/golf/guam-golf/product/product_detail.php?product_id=1076765242,,True
2026-04-28 22:45:30,소노펠리체CC 하이퐁,golf_haiphong,자사,몽키트래블,소노펠리체CC 하이퐁,18,2026-05-06,주중,오후,145965,99.07,True,True,https://www.monkeytravel.com/gu/ko/golf/guam-golf/product/product_detail.php?product_id=1076765242,,True
2026-04-28 22:45:31,소노펠리체CC 하이퐁,golf_haiphong,자사,몽키트래블,소노펠리체CC 하이퐁,18,2026-05-07,주중,오전,145965,99.07,True,True,https://www.monkeytravel.com/gu/ko/golf/guam-golf/product/product_detail.php?product_id=1076765242,,True
2026-04-28 22:45:31,소노펠리체CC 하이퐁,golf_haiphong,자사,몽키트래블,소노펠리체CC 하이퐁,18,2026-05-07,주중,오후,145965,99.07,True,True,https://www.monkeytravel.com/gu/ko/golf/guam-golf/product/product_detail.php?product_id=1076765242,,True
2026-04-28 22:45:33,소노펠리체CC 하이퐁,golf_haiphong,자사,몽키트래블,소노펠리체CC 하이퐁,18,2026-05-08,주중,오전,145965,99.07,True,True,https://www.monkeytravel.com/gu/ko/golf/guam-golf/product/product_detail.php?product_id=1076765242,,True
2026-04-28 22:45:33,소노펠리체CC 하이퐁,golf_haiphong,자사,몽키트래블,소노펠리체CC 하이퐁,18,2026-05-08,주중,오후,145965,99.07,True,True,https://www.monkeytravel.com/gu/ko/golf/guam-golf/product/product_detail.php?product_id=1076765242,,True
2026-04-28 22:45:35,소노펠리체CC 하이퐁,golf_haiphong,자사,몽키트래블,소노펠리체CC 하이퐁,18,2026-05-09,주말,오전,176375,119.71,True,True,https://www.monkeytravel.com/gu/ko/golf/guam-golf/product/product_detail.php?product_id=1076765242,,True
2026-04-28 22:45:35,소노펠리체CC 하이퐁,golf_haiphong,자사,몽키트래블,소노펠리체CC 하이퐁,18,2026-05-09,주말,오후,176375,119.71,True,True,https://www.monkeytravel.com/gu/ko/golf/guam-golf/product/product_detail.php?product_id=1076765242,,True
2026-04-28 22:45:37,소노펠리체CC 하이퐁,golf_haiphong,자사,몽키트래블,소노펠리체CC 하이퐁,18,2026-05-10,주말,오전,176375,119.71,True,True,https://www.monkeytravel.com/gu/ko/golf/guam-golf/product/product_detail.php?product_id=1076765242,,True
2026-04-28 22:45:37,소노펠리체CC 하이퐁,golf_haiphong,자사,몽키트래블,소노펠리체CC 하이퐁,18,2026-05-10,주말,오후,176375,119.71,True,True,https://www.monkeytravel.com/gu/ko/golf/guam-golf/product/product_detail.php?product_id=1076765242,,True
2026-04-28 22:45:39,소노펠리체CC 하이퐁,golf_haiphong,자사,몽키트래블,소노펠리체CC 하이퐁,18,2026-05-11,주중,오전,145965,99.07,True,True,https://www.monkeytravel.com/gu/ko/golf/guam-golf/product/product_detail.php?product_id=1076765242,,True
2026-04-28 22:45:39,소노펠리체CC 하이퐁,golf_haiphong,자사,몽키트래블,소노펠리체CC 하이퐁,18,2026-05-11,주중,오후,145965,99.07,True,True,https://www.monkeytravel.com/gu/ko/golf/guam-golf/product/product_detail.php?product_id=1076765242,,True
2026-04-28 22:45:41,소노펠리체CC 하이퐁,golf_haiphong,자사,몽키트래블,소노펠리체CC 하이퐁,18,2026-05-12,주중,오전,145965,99.07,True,True,https://www.monkeytravel.com/gu/ko/golf/guam-golf/product/product_detail.php?product_id=1076765242,,True
2026-04-28 22:45:41,소노펠리체CC 하이퐁,golf_haiphong,자사,몽키트래블,소노펠리체CC 하이퐁,18,2026-05-12,주중,오후,145965,99.07,True,True,https://www.monkeytravel.com/gu/ko/golf/guam-golf/product/product_detail.php?product_id=1076765242,,True
2026-04-28 22:45:43,소노펠리체CC 하이퐁,golf_haiphong,드래곤 골프 링크스,몽키트래블,드래곤 골프 링크스,18,2026-04-29,주중,오전,118597,80.5,True,True,https://www.monkeytravel.com/gu/ko/golf/guam-golf/product/product_detail.php?product_id=1076866782,,False
2026-04-28 22:45:43,소노펠리체CC 하이퐁,golf_haiphong,드래곤 골프 링크스,몽키트래블,드래곤 골프 링크스,18,2026-04-29,주중,오후,118597,80.5,True,True,https://www.monkeytravel.com/gu/ko/golf/guam-golf/product/product_detail.php?product_id=1076866782,,False
2026-04-28 22:45:45,소노펠리체CC 하이퐁,golf_haiphong,드래곤 골프 링크스,몽키트래블,드래곤 골프 링크스,18,2026-04-30,주말,오전,179416,121.77,True,True,https://www.monkeytravel.com/gu/ko/golf/guam-golf/product/product_detail.php?product_id=1076866782,,False
2026-04-28 22:45:45,소노펠리체CC 하이퐁,golf_haiphong,드래곤 골프 링크스,몽키트래블,드래곤 골프 링크스,18,2026-04-30,주말,오후,179416,121.77,True,True,https://www.monkeytravel.com/gu/ko/golf/guam-golf/product/product_detail.php?product_id=1076866782,,False
2026-04-28 22:45:47,소노펠리체CC 하이퐁,golf_haiphong,드래곤 골프 링크스,몽키트래블,드래곤 골프 링크스,18,2026-05-01,주말,오전,179416,121.77,True,True,https://www.monkeytravel.com/gu/ko/golf/guam-golf/product/product_detail.php?product_id=1076866782,,False
2026-04-28 22:45:47,소노펠리체CC 하이퐁,golf_haiphong,드래곤 골프 링크스,몽키트래블,드래곤 골프 링크스,18,2026-05-01,주말,오후,179416,121.77,True,True,https://www.monkeytravel.com/gu/ko/golf/guam-golf/product/product_detail.php?product_id=1076866782,,False
2026-04-28 22:45:49,소노펠리체CC 하이퐁,golf_haiphong,드래곤 골프 링크스,몽키트래블,드래곤 골프 링크스,18,2026-05-02,주말,오전,161170,109.39,True,True,https://www.monkeytravel.com/gu/ko/golf/guam-golf/product/product_detail.php?product_id=1076866782,,False
2026-04-28 22:45:49,소노펠리체CC 하이퐁,golf_haiphong,드래곤 골프 링크스,몽키트래블,드래곤 골프 링크스,18,2026-05-02,주말,오후,161170,109.39,True,True,https://www.monkeytravel.com/gu/ko/golf/guam-golf/product/product_detail.php?product_id=1076866782,,False
2026-04-28 22:45:50,소노펠리체CC 하이퐁,golf_haiphong,드래곤 골프 링크스,몽키트래블,드래곤 골프 링크스,18,2026-05-03,주말,오전,161170,109.39,True,True,https://www.monkeytravel.com/gu/ko/golf/guam-golf/product/product_detail.php?product_id=1076866782,,False
2026-04-28 22:45:50,소노펠리체CC 하이퐁,golf_haiphong,드래곤 골프 링크스,몽키트래블,드래곤 골프 링크스,18,2026-05-03,주말,오후,161170,109.39,True,True,https://www.monkeytravel.com/gu/ko/golf/guam-golf/product/product_detail.php?product_id=1076866782,,False
2026-04-28 22:45:53,소노펠리체CC 하이퐁,golf_haiphong,드래곤 골프 링크스,몽키트래블,드래곤 골프 링크스,18,2026-05-04,주중,오전,118597,80.5,True,True,https://www.monkeytravel.com/gu/ko/golf/guam-golf/product/product_detail.php?product_id=1076866782,,False
2026-04-28 22:45:53,소노펠리체CC 하이퐁,golf_haiphong,드래곤 골프 링크스,몽키트래블,드래곤 골프 링크스,18,2026-05-04,주중,오후,118597,80.5,True,True,https://www.monkeytravel.com/gu/ko/golf/guam-golf/product/product_detail.php?product_id=1076866782,,False
2026-04-28 22:45:54,소노펠리체CC 하이퐁,golf_haiphong,드래곤 골프 링크스,몽키트래블,드래곤 골프 링크스,18,2026-05-05,주중,오전,118597,80.5,True,True,https://www.monkeytravel.com/gu/ko/golf/guam-golf/product/product_detail.php?product_id=1076866782,,False
2026-04-28 22:45:54,소노펠리체CC 하이퐁,golf_haiphong,드래곤 골프 링크스,몽키트래블,드래곤 골프 링크스,18,2026-05-05,주중,오후,118597,80.5,True,True,https://www.monkeytravel.com/gu/ko/golf/guam-golf/product/product_detail.php?product_id=1076866782,,False
2026-04-28 22:45:56,소노펠리체CC 하이퐁,golf_haiphong,드래곤 골프 링크스,몽키트래블,드래곤 골프 링크스,18,2026-05-06,주중,오전,118597,80.5,True,True,https://www.monkeytravel.com/gu/ko/golf/guam-golf/product/product_detail.php?product_id=1076866782,,False
2026-04-28 22:45:56,소노펠리체CC 하이퐁,golf_haiphong,드래곤 골프 링크스,몽키트래블,드래곤 골프 링크스,18,2026-05-06,주중,오후,118597,80.5,True,True,https://www.monkeytravel.com/gu/ko/golf/guam-golf/product/product_detail.php?product_id=1076866782,,False
2026-04-28 22:45:58,소노펠리체CC 하이퐁,golf_haiphong,드래곤 골프 링크스,몽키트래블,드래곤 골프 링크스,18,2026-05-07,주중,오전,118597,80.5,True,True,https://www.monkeytravel.com/gu/ko/golf/guam-golf/product/product_detail.php?product_id=1076866782,,False
2026-04-28 22:45:58,소노펠리체CC 하이퐁,golf_haiphong,드래곤 골프 링크스,몽키트래블,드래곤 골프 링크스,18,2026-05-07,주중,오후,118597,80.5,True,True,https://www.monkeytravel.com/gu/ko/golf/guam-golf/product/product_detail.php?product_id=1076866782,,False
2026-04-28 22:46:00,소노펠리체CC 하이퐁,golf_haiphong,드래곤 골프 링크스,몽키트래블,드래곤 골프 링크스,18,2026-05-08,주중,오전,118597,80.5,True,True,https://www.monkeytravel.com/gu/ko/golf/guam-golf/product/product_detail.php?product_id=1076866782,,False
2026-04-28 22:46:00,소노펠리체CC 하이퐁,golf_haiphong,드래곤 골프 링크스,몽키트래블,드래곤 골프 링크스,18,2026-05-08,주중,오후,118597,80.5,True,True,https://www.monkeytravel.com/gu/ko/golf/guam-golf/product/product_detail.php?product_id=1076866782,,False
2026-04-28 22:46:02,소노펠리체CC 하이퐁,golf_haiphong,드래곤 골프 링크스,몽키트래블,드래곤 골프 링크스,18,2026-05-09,주말,오전,161170,109.39,True,True,https://www.monkeytravel.com/gu/ko/golf/guam-golf/product/product_detail.php?product_id=1076866782,,False
2026-04-28 22:46:02,소노펠리체CC 하이퐁,golf_haiphong,드래곤 골프 링크스,몽키트래블,드래곤 골프 링크스,18,2026-05-09,주말,오후,161170,109.39,True,True,https://www.monkeytravel.com/gu/ko/golf/guam-golf/product/product_detail.php?product_id=1076866782,,False
2026-04-28 22:46:04,소노펠리체CC 하이퐁,golf_haiphong,드래곤 골프 링크스,몽키트래블,드래곤 골프 링크스,18,2026-05-10,주말,오전,161170,109.39,True,True,https://www.monkeytravel.com/gu/ko/golf/guam-golf/product/product_detail.php?product_id=1076866782,,False
2026-04-28 22:46:04,소노펠리체CC 하이퐁,golf_haiphong,드래곤 골프 링크스,몽키트래블,드래곤 골프 링크스,18,2026-05-10,주말,오후,161170,109.39,True,True,https://www.monkeytravel.com/gu/ko/golf/guam-golf/product/product_detail.php?product_id=1076866782,,False
2026-04-28 22:46:06,소노펠리체CC 하이퐁,golf_haiphong,드래곤 골프 링크스,몽키트래블,드래곤 골프 링크스,18,2026-05-11,주중,오전,118597,80.5,True,True,https://www.monkeytravel.com/gu/ko/golf/guam-golf/product/product_detail.php?product_id=1076866782,,False
2026-04-28 22:46:06,소노펠리체CC 하이퐁,golf_haiphong,드래곤 골프 링크스,몽키트래블,드래곤 골프 링크스,18,2026-05-11,주중,오후,118597,80.5,True,True,https://www.monkeytravel.com/gu/ko/golf/guam-golf/product/product_detail.php?product_id=1076866782,,False
2026-04-28 22:46:08,소노펠리체CC 하이퐁,golf_haiphong,드래곤 골프 링크스,몽키트래블,드래곤 골프 링크스,18,2026-05-12,주중,오전,118597,80.5,True,True,https://www.monkeytravel.com/gu/ko/golf/guam-golf/product/product_detail.php?product_id=1076866782,,False
2026-04-28 22:46:08,소노펠리체CC 하이퐁,golf_haiphong,드래곤 골프 링크스,몽키트래블,드래곤 골프 링크스,18,2026-05-12,주중,오후,118597,80.5,True,True,https://www.monkeytravel.com/gu/ko/golf/guam-golf/product/product_detail.php?product_id=1076866782,,False
2026-04-28 22:46:09,소노펠리체CC 하이퐁,golf_haiphong,빈펄 골프 하이퐁,몽키트래블,빈펄 골프 하이퐁,18,2026-04-29,주중,오전,127598,86.6,True,True,https://www.monkeytravel.com/gu/ko/golf/guam-golf/product/product_detail.php?product_id=1076782321,,False
2026-04-28 22:46:09,소노펠리체CC 하이퐁,golf_haiphong,빈펄 골프 하이퐁,몽키트래블,빈펄 골프 하이퐁,18,2026-04-29,주중,오후,127598,86.6,True,True,https://www.monkeytravel.com/gu/ko/golf/guam-golf/product/product_detail.php?product_id=1076782321,,False
2026-04-28 22:46:11,소노펠리체CC 하이퐁,golf_haiphong,빈펄 골프 하이퐁,몽키트래블,빈펄 골프 하이퐁,18,2026-04-30,주말,오전,167252,113.52,True,True,https://www.monkeytravel.com/gu/ko/golf/guam-golf/product/product_detail.php?product_id=1076782321,,False
2026-04-28 22:46:11,소노펠리체CC 하이퐁,golf_haiphong,빈펄 골프 하이퐁,몽키트래블,빈펄 골프 하이퐁,18,2026-04-30,주말,오후,167252,113.52,True,True,https://www.monkeytravel.com/gu/ko/golf/guam-golf/product/product_detail.php?product_id=1076782321,,False
2026-04-28 22:46:13,소노펠리체CC 하이퐁,golf_haiphong,빈펄 골프 하이퐁,몽키트래블,빈펄 골프 하이퐁,18,2026-05-01,주말,오전,167252,113.52,True,True,https://www.monkeytravel.com/gu/ko/golf/guam-golf/product/product_detail.php?product_id=1076782321,,False
2026-04-28 22:46:13,소노펠리체CC 하이퐁,golf_haiphong,빈펄 골프 하이퐁,몽키트래블,빈펄 골프 하이퐁,18,2026-05-01,주말,오후,167252,113.52,True,True,https://www.monkeytravel.com/gu/ko/golf/guam-golf/product/product_detail.php?product_id=1076782321,,False
2026-04-28 22:46:15,소노펠리체CC 하이퐁,golf_haiphong,빈펄 골프 하이퐁,몽키트래블,빈펄 골프 하이퐁,18,2026-05-02,주말,오전,167252,113.52,True,True,https://www.monkeytravel.com/gu/ko/golf/guam-golf/product/product_detail.php?product_id=1076782321,,False
2026-04-28 22:46:15,소노펠리체CC 하이퐁,golf_haiphong,빈펄 골프 하이퐁,몽키트래블,빈펄 골프 하이퐁,18,2026-05-02,주말,오후,167252,113.52,True,True,https://www.monkeytravel.com/gu/ko/golf/guam-golf/product/product_detail.php?product_id=1076782321,,False
2026-04-28 22:46:17,소노펠리체CC 하이퐁,golf_haiphong,빈펄 골프 하이퐁,몽키트래블,빈펄 골프 하이퐁,18,2026-05-03,주말,오전,167252,113.52,True,True,https://www.monkeytravel.com/gu/ko/golf/guam-golf/product/product_detail.php?product_id=1076782321,,False
2026-04-28 22:46:17,소노펠리체CC 하이퐁,golf_haiphong,빈펄 골프 하이퐁,몽키트래블,빈펄 골프 하이퐁,18,2026-05-03,주말,오후,167252,113.52,True,True,https://www.monkeytravel.com/gu/ko/golf/guam-golf/product/product_detail.php?product_id=1076782321,,False
2026-04-28 22:46:19,소노펠리체CC 하이퐁,golf_haiphong,빈펄 골프 하이퐁,몽키트래블,빈펄 골프 하이퐁,18,2026-05-04,주중,오전,127598,86.6,True,True,https://www.monkeytravel.com/gu/ko/golf/guam-golf/product/product_detail.php?product_id=1076782321,,False
2026-04-28 22:46:19,소노펠리체CC 하이퐁,golf_haiphong,빈펄 골프 하이퐁,몽키트래블,빈펄 골프 하이퐁,18,2026-05-04,주중,오후,127598,86.6,True,True,https://www.monkeytravel.com/gu/ko/golf/guam-golf/product/product_detail.php?product_id=1076782321,,False
2026-04-28 22:46:21,소노펠리체CC 하이퐁,golf_haiphong,빈펄 골프 하이퐁,몽키트래블,빈펄 골프 하이퐁,18,2026-05-05,주중,오전,127598,86.6,True,True,https://www.monkeytravel.com/gu/ko/golf/guam-golf/product/product_detail.php?product_id=1076782321,,False
2026-04-28 22:46:21,소노펠리체CC 하이퐁,golf_haiphong,빈펄 골프 하이퐁,몽키트래블,빈펄 골프 하이퐁,18,2026-05-05,주중,오후,127598,86.6,True,True,https://www.monkeytravel.com/gu/ko/golf/guam-golf/product/product_detail.php?product_id=1076782321,,False
2026-04-28 22:46:23,소노펠리체CC 하이퐁,golf_haiphong,빈펄 골프 하이퐁,몽키트래블,빈펄 골프 하이퐁,18,2026-05-06,주중,오전,127598,86.6,True,True,https://www.monkeytravel.com/gu/ko/golf/guam-golf/product/product_detail.php?product_id=1076782321,,False
2026-04-28 22:46:23,소노펠리체CC 하이퐁,golf_haiphong,빈펄 골프 하이퐁,몽키트래블,빈펄 골프 하이퐁,18,2026-05-06,주중,오후,127598,86.6,True,True,https://www.monkeytravel.com/gu/ko/golf/guam-golf/product/product_detail.php?product_id=1076782321,,False
2026-04-28 22:46:25,소노펠리체CC 하이퐁,golf_haiphong,빈펄 골프 하이퐁,몽키트래블,빈펄 골프 하이퐁,18,2026-05-07,주중,오전,127598,86.6,True,True,https://www.monkeytravel.com/gu/ko/golf/guam-golf/product/product_detail.php?product_id=1076782321,,False
2026-04-28 22:46:25,소노펠리체CC 하이퐁,golf_haiphong,빈펄 골프 하이퐁,몽키트래블,빈펄 골프 하이퐁,18,2026-05-07,주중,오후,127598,86.6,True,True,https://www.monkeytravel.com/gu/ko/golf/guam-golf/product/product_detail.php?product_id=1076782321,,False
2026-04-28 22:46:27,소노펠리체CC 하이퐁,golf_haiphong,빈펄 골프 하이퐁,몽키트래블,빈펄 골프 하이퐁,18,2026-05-08,주중,오전,127598,86.6,True,True,https://www.monkeytravel.com/gu/ko/golf/guam-golf/product/product_detail.php?product_id=1076782321,,False
2026-04-28 22:46:27,소노펠리체CC 하이퐁,golf_haiphong,빈펄 골프 하이퐁,몽키트래블,빈펄 골프 하이퐁,18,2026-05-08,주중,오후,127598,86.6,True,True,https://www.monkeytravel.com/gu/ko/golf/guam-golf/product/product_detail.php?product_id=1076782321,,False
2026-04-28 22:46:29,소노펠리체CC 하이퐁,golf_haiphong,빈펄 골프 하이퐁,몽키트래블,빈펄 골프 하이퐁,18,2026-05-09,주말,오전,167252,113.52,True,True,https://www.monkeytravel.com/gu/ko/golf/guam-golf/product/product_detail.php?product_id=1076782321,,False
2026-04-28 22:46:29,소노펠리체CC 하이퐁,golf_haiphong,빈펄 골프 하이퐁,몽키트래블,빈펄 골프 하이퐁,18,2026-05-09,주말,오후,167252,113.52,True,True,https://www.monkeytravel.com/gu/ko/golf/guam-golf/product/product_detail.php?product_id=1076782321,,False
2026-04-28 22:46:31,소노펠리체CC 하이퐁,golf_haiphong,빈펄 골프 하이퐁,몽키트래블,빈펄 골프 하이퐁,18,2026-05-10,주말,오전,167252,113.52,True,True,https://www.monkeytravel.com/gu/ko/golf/guam-golf/product/product_detail.php?product_id=1076782321,,False
2026-04-28 22:46:31,소노펠리체CC 하이퐁,golf_haiphong,빈펄 골프 하이퐁,몽키트래블,빈펄 골프 하이퐁,18,2026-05-10,주말,오후,167252,113.52,True,True,https://www.monkeytravel.com/gu/ko/golf/guam-golf/product/product_detail.php?product_id=1076782321,,False
2026-04-28 22:46:33,소노펠리체CC 하이퐁,golf_haiphong,빈펄 골프 하이퐁,몽키트래블,빈펄 골프 하이퐁,18,2026-05-11,주중,오전,127598,86.6,True,True,https://www.monkeytravel.com/gu/ko/golf/guam-golf/product/product_detail.php?product_id=1076782321,,False
2026-04-28 22:46:33,소노펠리체CC 하이퐁,golf_haiphong,빈펄 골프 하이퐁,몽키트래블,빈펄 골프 하이퐁,18,2026-05-11,주중,오후,127598,86.6,True,True,https://www.monkeytravel.com/gu/ko/golf/guam-golf/product/product_detail.php?product_id=1076782321,,False
2026-04-28 22:46:35,소노펠리체CC 하이퐁,golf_haiphong,빈펄 골프 하이퐁,몽키트래블,빈펄 골프 하이퐁,18,2026-05-12,주중,오전,127598,86.6,True,True,https://www.monkeytravel.com/gu/ko/golf/guam-golf/product/product_detail.php?product_id=1076782321,,False
2026-04-28 22:46:35,소노펠리체CC 하이퐁,golf_haiphong,빈펄 골프 하이퐁,몽키트래블,빈펄 골프 하이퐁,18,2026-05-12,주중,오후,127598,86.6,True,True,https://www.monkeytravel.com/gu/ko/golf/guam-golf/product/product_detail.php?product_id=1076782321,,False
2026-04-28 22:46:37,소노펠리체CC 하이퐁,golf_haiphong,뚜언쩌우 골프 리조트,몽키트래블,뚜언쩌우 골프 리조트,18,2026-04-29,주중,오전,136842,92.88,True,True,https://www.monkeytravel.com/gu/ko/golf/guam-golf/product/product_detail.php?product_id=1076862695,,False
2026-04-28 22:46:37,소노펠리체CC 하이퐁,golf_haiphong,뚜언쩌우 골프 리조트,몽키트래블,뚜언쩌우 골프 리조트,18,2026-04-29,주중,오후,136842,92.88,True,True,https://www.monkeytravel.com/gu/ko/golf/guam-golf/product/product_detail.php?product_id=1076862695,,False
2026-04-28 22:46:39,소노펠리체CC 하이퐁,golf_haiphong,뚜언쩌우 골프 리조트,몽키트래블,뚜언쩌우 골프 리조트,18,2026-04-30,주말,오전,197661,134.16,True,True,https://www.monkeytravel.com/gu/ko/golf/guam-golf/product/product_detail.php?product_id=1076862695,,False
2026-04-28 22:46:39,소노펠리체CC 하이퐁,golf_haiphong,뚜언쩌우 골프 리조트,몽키트래블,뚜언쩌우 골프 리조트,18,2026-04-30,주말,오후,197661,134.16,True,True,https://www.monkeytravel.com/gu/ko/golf/guam-golf/product/product_detail.php?product_id=1076862695,,False
2026-04-28 22:46:41,소노펠리체CC 하이퐁,golf_haiphong,뚜언쩌우 골프 리조트,몽키트래블,뚜언쩌우 골프 리조트,18,2026-05-01,주말,오전,215907,146.54,True,True,https://www.monkeytravel.com/gu/ko/golf/guam-golf/product/product_detail.php?product_id=1076862695,,False
2026-04-28 22:46:41,소노펠리체CC 하이퐁,golf_haiphong,뚜언쩌우 골프 리조트,몽키트래블,뚜언쩌우 골프 리조트,18,2026-05-01,주말,오후,215907,146.54,True,True,https://www.monkeytravel.com/gu/ko/golf/guam-golf/product/product_detail.php?product_id=1076862695,,False
2026-04-28 22:46:42,소노펠리체CC 하이퐁,golf_haiphong,뚜언쩌우 골프 리조트,몽키트래블,뚜언쩌우 골프 리조트,18,2026-05-02,주말,오전,197661,134.16,True,True,https://www.monkeytravel.com/gu/ko/golf/guam-golf/product/product_detail.php?product_id=1076862695,,False
2026-04-28 22:46:42,소노펠리체CC 하이퐁,golf_haiphong,뚜언쩌우 골프 리조트,몽키트래블,뚜언쩌우 골프 리조트,18,2026-05-02,주말,오후,197661,134.16,True,True,https://www.monkeytravel.com/gu/ko/golf/guam-golf/product/product_detail.php?product_id=1076862695,,False
2026-04-28 22:46:44,소노펠리체CC 하이퐁,golf_haiphong,뚜언쩌우 골프 리조트,몽키트래블,뚜언쩌우 골프 리조트,18,2026-05-03,주말,오전,197661,134.16,True,True,https://www.monkeytravel.com/gu/ko/golf/guam-golf/product/product_detail.php?product_id=1076862695,,False
2026-04-28 22:46:44,소노펠리체CC 하이퐁,golf_haiphong,뚜언쩌우 골프 리조트,몽키트래블,뚜언쩌우 골프 리조트,18,2026-05-03,주말,오후,197661,134.16,True,True,https://www.monkeytravel.com/gu/ko/golf/guam-golf/product/product_detail.php?product_id=1076862695,,False
2026-04-28 22:46:46,소노펠리체CC 하이퐁,golf_haiphong,뚜언쩌우 골프 리조트,몽키트래블,뚜언쩌우 골프 리조트,18,2026-05-04,주중,오전,136842,92.88,True,True,https://www.monkeytravel.com/gu/ko/golf/guam-golf/product/product_detail.php?product_id=1076862695,,False
2026-04-28 22:46:46,소노펠리체CC 하이퐁,golf_haiphong,뚜언쩌우 골프 리조트,몽키트래블,뚜언쩌우 골프 리조트,18,2026-05-04,주중,오후,136842,92.88,True,True,https://www.monkeytravel.com/gu/ko/golf/guam-golf/product/product_detail.php?product_id=1076862695,,False
2026-04-28 22:46:48,소노펠리체CC 하이퐁,golf_haiphong,뚜언쩌우 골프 리조트,몽키트래블,뚜언쩌우 골프 리조트,18,2026-05-05,주중,오전,136842,92.88,True,True,https://www.monkeytravel.com/gu/ko/golf/guam-golf/product/product_detail.php?product_id=1076862695,,False
2026-04-28 22:46:48,소노펠리체CC 하이퐁,golf_haiphong,뚜언쩌우 골프 리조트,몽키트래블,뚜언쩌우 골프 리조트,18,2026-05-05,주중,오후,136842,92.88,True,True,https://www.monkeytravel.com/gu/ko/golf/guam-golf/product/product_detail.php?product_id=1076862695,,False
2026-04-28 22:46:50,소노펠리체CC 하이퐁,golf_haiphong,뚜언쩌우 골프 리조트,몽키트래블,뚜언쩌우 골프 리조트,18,2026-05-06,주중,오전,136842,92.88,True,True,https://www.monkeytravel.com/gu/ko/golf/guam-golf/product/product_detail.php?product_id=1076862695,,False
2026-04-28 22:46:50,소노펠리체CC 하이퐁,golf_haiphong,뚜언쩌우 골프 리조트,몽키트래블,뚜언쩌우 골프 리조트,18,2026-05-06,주중,오후,136842,92.88,True,True,https://www.monkeytravel.com/gu/ko/golf/guam-golf/product/product_detail.php?product_id=1076862695,,False
2026-04-28 22:46:52,소노펠리체CC 하이퐁,golf_haiphong,뚜언쩌우 골프 리조트,몽키트래블,뚜언쩌우 골프 리조트,18,2026-05-07,주중,오전,136842,92.88,True,True,https://www.monkeytravel.com/gu/ko/golf/guam-golf/product/product_detail.php?product_id=1076862695,,False
2026-04-28 22:46:52,소노펠리체CC 하이퐁,golf_haiphong,뚜언쩌우 골프 리조트,몽키트래블,뚜언쩌우 골프 리조트,18,2026-05-07,주중,오후,136842,92.88,True,True,https://www.monkeytravel.com/gu/ko/golf/guam-golf/product/product_detail.php?product_id=1076862695,,False
2026-04-28 22:46:54,소노펠리체CC 하이퐁,golf_haiphong,뚜언쩌우 골프 리조트,몽키트래블,뚜언쩌우 골프 리조트,18,2026-05-08,주중,오전,136842,92.88,True,True,https://www.monkeytravel.com/gu/ko/golf/guam-golf/product/product_detail.php?product_id=1076862695,,False
2026-04-28 22:46:54,소노펠리체CC 하이퐁,golf_haiphong,뚜언쩌우 골프 리조트,몽키트래블,뚜언쩌우 골프 리조트,18,2026-05-08,주중,오후,136842,92.88,True,True,https://www.monkeytravel.com/gu/ko/golf/guam-golf/product/product_detail.php?product_id=1076862695,,False
2026-04-28 22:46:56,소노펠리체CC 하이퐁,golf_haiphong,뚜언쩌우 골프 리조트,몽키트래블,뚜언쩌우 골프 리조트,18,2026-05-09,주말,오전,197661,134.16,True,True,https://www.monkeytravel.com/gu/ko/golf/guam-golf/product/product_detail.php?product_id=1076862695,,False
2026-04-28 22:46:56,소노펠리체CC 하이퐁,golf_haiphong,뚜언쩌우 골프 리조트,몽키트래블,뚜언쩌우 골프 리조트,18,2026-05-09,주말,오후,197661,134.16,True,True,https://www.monkeytravel.com/gu/ko/golf/guam-golf/product/product_detail.php?product_id=1076862695,,False
2026-04-28 22:46:58,소노펠리체CC 하이퐁,golf_haiphong,뚜언쩌우 골프 리조트,몽키트래블,뚜언쩌우 골프 리조트,18,2026-05-10,주말,오전,197661,134.16,True,True,https://www.monkeytravel.com/gu/ko/golf/guam-golf/product/product_detail.php?product_id=1076862695,,False
2026-04-28 22:46:58,소노펠리체CC 하이퐁,golf_haiphong,뚜언쩌우 골프 리조트,몽키트래블,뚜언쩌우 골프 리조트,18,2026-05-10,주말,오후,197661,134.16,True,True,https://www.monkeytravel.com/gu/ko/golf/guam-golf/product/product_detail.php?product_id=1076862695,,False
2026-04-28 22:47:00,소노펠리체CC 하이퐁,golf_haiphong,뚜언쩌우 골프 리조트,몽키트래블,뚜언쩌우 골프 리조트,18,2026-05-11,주중,오전,136842,92.88,True,True,https://www.monkeytravel.com/gu/ko/golf/guam-golf/product/product_detail.php?product_id=1076862695,,False
2026-04-28 22:47:00,소노펠리체CC 하이퐁,golf_haiphong,뚜언쩌우 골프 리조트,몽키트래블,뚜언쩌우 골프 리조트,18,2026-05-11,주중,오후,136842,92.88,True,True,https://www.monkeytravel.com/gu/ko/golf/guam-golf/product/product_detail.php?product_id=1076862695,,False
2026-04-28 22:47:02,소노펠리체CC 하이퐁,golf_haiphong,뚜언쩌우 골프 리조트,몽키트래블,뚜언쩌우 골프 리조트,18,2026-05-12,주중,오전,136842,92.88,True,True,https://www.monkeytravel.com/gu/ko/golf/guam-golf/product/product_detail.php?product_id=1076862695,,False
2026-04-28 22:47:02,소노펠리체CC 하이퐁,golf_haiphong,뚜언쩌우 골프 리조트,몽키트래블,뚜언쩌우 골프 리조트,18,2026-05-12,주중,오후,136842,92.88,True,True,https://www.monkeytravel.com/gu/ko/golf/guam-golf/product/product_detail.php?product_id=1076862695,,False
2026-04-28 22:47:04,소노펠리체CC 괌 망길라오,golf_guam_mangilao,자사,몽키트래블,망길라오 골프 클럽,18,2026-04-29,주중,오전,277649,188.45,True,False,https://www.monkeytravel.com/gu/ko/golf/guam-golf/product/product_detail.php?product_id=1076788723,,True
2026-04-28 22:47:04,소노펠리체CC 괌 망길라오,golf_guam_mangilao,자사,몽키트래블,망길라오 골프 클럽,18,2026-04-29,주중,오후,277649,188.45,True,False,https://www.monkeytravel.com/gu/ko/golf/guam-golf/product/product_detail.php?product_id=1076788723,,True
2026-04-28 22:47:06,소노펠리체CC 괌 망길라오,golf_guam_mangilao,자사,몽키트래블,망길라오 골프 클럽,18,2026-04-30,주중,오전,277649,188.45,True,False,https://www.monkeytravel.com/gu/ko/golf/guam-golf/product/product_detail.php?product_id=1076788723,,True
2026-04-28 22:47:06,소노펠리체CC 괌 망길라오,golf_guam_mangilao,자사,몽키트래블,망길라오 골프 클럽,18,2026-04-30,주중,오후,277649,188.45,True,False,https://www.monkeytravel.com/gu/ko/golf/guam-golf/product/product_detail.php?product_id=1076788723,,True
2026-04-28 22:47:08,소노펠리체CC 괌 망길라오,golf_guam_mangilao,자사,몽키트래블,망길라오 골프 클럽,18,2026-05-01,주중,오전,277649,188.45,True,False,https://www.monkeytravel.com/gu/ko/golf/guam-golf/product/product_detail.php?product_id=1076788723,,True
2026-04-28 22:47:08,소노펠리체CC 괌 망길라오,golf_guam_mangilao,자사,몽키트래블,망길라오 골프 클럽,18,2026-05-01,주중,오후,277649,188.45,True,False,https://www.monkeytravel.com/gu/ko/golf/guam-golf/product/product_detail.php?product_id=1076788723,,True
2026-04-28 22:47:09,소노펠리체CC 괌 망길라오,golf_guam_mangilao,자사,몽키트래블,망길라오 골프 클럽,18,2026-05-02,주말,오전,277649,188.45,True,False,https://www.monkeytravel.com/gu/ko/golf/guam-golf/product/product_detail.php?product_id=1076788723,,True
2026-04-28 22:47:09,소노펠리체CC 괌 망길라오,golf_guam_mangilao,자사,몽키트래블,망길라오 골프 클럽,18,2026-05-02,주말,오후,277649,188.45,True,False,https://www.monkeytravel.com/gu/ko/golf/guam-golf/product/product_detail.php?product_id=1076788723,,True
2026-04-28 22:47:11,소노펠리체CC 괌 망길라오,golf_guam_mangilao,자사,몽키트래블,망길라오 골프 클럽,18,2026-05-03,주말,오전,277649,188.45,True,False,https://www.monkeytravel.com/gu/ko/golf/guam-golf/product/product_detail.php?product_id=1076788723,,True
2026-04-28 22:47:11,소노펠리체CC 괌 망길라오,golf_guam_mangilao,자사,몽키트래블,망길라오 골프 클럽,18,2026-05-03,주말,오후,277649,188.45,True,False,https://www.monkeytravel.com/gu/ko/golf/guam-golf/product/product_detail.php?product_id=1076788723,,True
2026-04-28 22:47:13,소노펠리체CC 괌 망길라오,golf_guam_mangilao,자사,몽키트래블,망길라오 골프 클럽,18,2026-05-04,주중,오전,277649,188.45,True,False,https://www.monkeytravel.com/gu/ko/golf/guam-golf/product/product_detail.php?product_id=1076788723,,True
2026-04-28 22:47:13,소노펠리체CC 괌 망길라오,golf_guam_mangilao,자사,몽키트래블,망길라오 골프 클럽,18,2026-05-04,주중,오후,277649,188.45,True,False,https://www.monkeytravel.com/gu/ko/golf/guam-golf/product/product_detail.php?product_id=1076788723,,True
2026-04-28 22:47:15,소노펠리체CC 괌 망길라오,golf_guam_mangilao,자사,몽키트래블,망길라오 골프 클럽,18,2026-05-05,주중,오전,277649,188.45,True,False,https://www.monkeytravel.com/gu/ko/golf/guam-golf/product/product_detail.php?product_id=1076788723,,True
2026-04-28 22:47:15,소노펠리체CC 괌 망길라오,golf_guam_mangilao,자사,몽키트래블,망길라오 골프 클럽,18,2026-05-05,주중,오후,277649,188.45,True,False,https://www.monkeytravel.com/gu/ko/golf/guam-golf/product/product_detail.php?product_id=1076788723,,True
2026-04-28 22:47:17,소노펠리체CC 괌 망길라오,golf_guam_mangilao,자사,몽키트래블,망길라오 골프 클럽,18,2026-05-06,주중,오전,277649,188.45,True,False,https://www.monkeytravel.com/gu/ko/golf/guam-golf/product/product_detail.php?product_id=1076788723,,True
2026-04-28 22:47:17,소노펠리체CC 괌 망길라오,golf_guam_mangilao,자사,몽키트래블,망길라오 골프 클럽,18,2026-05-06,주중,오후,277649,188.45,True,False,https://www.monkeytravel.com/gu/ko/golf/guam-golf/product/product_detail.php?product_id=1076788723,,True
2026-04-28 22:47:19,소노펠리체CC 괌 망길라오,golf_guam_mangilao,자사,몽키트래블,망길라오 골프 클럽,18,2026-05-07,주중,오전,277649,188.45,True,False,https://www.monkeytravel.com/gu/ko/golf/guam-golf/product/product_detail.php?product_id=1076788723,,True
2026-04-28 22:47:19,소노펠리체CC 괌 망길라오,golf_guam_mangilao,자사,몽키트래블,망길라오 골프 클럽,18,2026-05-07,주중,오후,277649,188.45,True,False,https://www.monkeytravel.com/gu/ko/golf/guam-golf/product/product_detail.php?product_id=1076788723,,True
2026-04-28 22:47:21,소노펠리체CC 괌 망길라오,golf_guam_mangilao,자사,몽키트래블,망길라오 골프 클럽,18,2026-05-08,주중,오전,277649,188.45,True,False,https://www.monkeytravel.com/gu/ko/golf/guam-golf/product/product_detail.php?product_id=1076788723,,True
2026-04-28 22:47:21,소노펠리체CC 괌 망길라오,golf_guam_mangilao,자사,몽키트래블,망길라오 골프 클럽,18,2026-05-08,주중,오후,277649,188.45,True,False,https://www.monkeytravel.com/gu/ko/golf/guam-golf/product/product_detail.php?product_id=1076788723,,True
2026-04-28 22:47:23,소노펠리체CC 괌 망길라오,golf_guam_mangilao,자사,몽키트래블,망길라오 골프 클럽,18,2026-05-09,주말,오전,277649,188.45,True,False,https://www.monkeytravel.com/gu/ko/golf/guam-golf/product/product_detail.php?product_id=1076788723,,True
2026-04-28 22:47:23,소노펠리체CC 괌 망길라오,golf_guam_mangilao,자사,몽키트래블,망길라오 골프 클럽,18,2026-05-09,주말,오후,277649,188.45,True,False,https://www.monkeytravel.com/gu/ko/golf/guam-golf/product/product_detail.php?product_id=1076788723,,True
2026-04-28 22:47:25,소노펠리체CC 괌 망길라오,golf_guam_mangilao,자사,몽키트래블,망길라오 골프 클럽,18,2026-05-10,주말,오전,277649,188.45,True,False,https://www.monkeytravel.com/gu/ko/golf/guam-golf/product/product_detail.php?product_id=1076788723,,True
2026-04-28 22:47:25,소노펠리체CC 괌 망길라오,golf_guam_mangilao,자사,몽키트래블,망길라오 골프 클럽,18,2026-05-10,주말,오후,277649,188.45,True,False,https://www.monkeytravel.com/gu/ko/golf/guam-golf/product/product_detail.php?product_id=1076788723,,True
2026-04-28 22:47:27,소노펠리체CC 괌 망길라오,golf_guam_mangilao,자사,몽키트래블,망길라오 골프 클럽,18,2026-05-11,주중,오전,277649,188.45,True,False,https://www.monkeytravel.com/gu/ko/golf/guam-golf/product/product_detail.php?product_id=1076788723,,True
2026-04-28 22:47:27,소노펠리체CC 괌 망길라오,golf_guam_mangilao,자사,몽키트래블,망길라오 골프 클럽,18,2026-05-11,주중,오후,277649,188.45,True,False,https://www.monkeytravel.com/gu/ko/golf/guam-golf/product/product_detail.php?product_id=1076788723,,True
2026-04-28 22:47:29,소노펠리체CC 괌 망길라오,golf_guam_mangilao,자사,몽키트래블,망길라오 골프 클럽,18,2026-05-12,주중,오전,277649,188.45,True,False,https://www.monkeytravel.com/gu/ko/golf/guam-golf/product/product_detail.php?product_id=1076788723,,True
2026-04-28 22:47:29,소노펠리체CC 괌 망길라오,golf_guam_mangilao,자사,몽키트래블,망길라오 골프 클럽,18,2026-05-12,주중,오후,277649,188.45,True,False,https://www.monkeytravel.com/gu/ko/golf/guam-golf/product/product_detail.php?product_id=1076788723,,True
2026-04-28 22:47:31,소노펠리체CC 괌 망길라오,golf_guam_mangilao,자사,AGL,망길라오 골프 클럽,18,2026-04-28,주중,최저가,291700,197.99,False,False,https://www.tigerbooking.com/ko/golf-course/teetime/1/GU,,True
2026-04-28 22:47:32,소노펠리체CC 괌 망길라오,golf_guam_mangilao,자사,KKday,망길라오 골프 클럽,18,2026-04-28,주중,최저가,300503,203.96,False,False,https://www.kkday.com/en/product/156010,,True
2026-04-28 22:47:33,소노펠리체CC 괌 망길라오,golf_guam_mangilao,레오팔레스 리조트 CC,몽키트래블,레오팔레스 리조트 CC,18,2026-04-29,주중,오전,172593,117.14,True,False,https://www.monkeytravel.com/gu/ko/golf/guam-golf/product/product_detail.php?product_id=1076788717,,False
2026-04-28 22:47:33,소노펠리체CC 괌 망길라오,golf_guam_mangilao,레오팔레스 리조트 CC,몽키트래블,레오팔레스 리조트 CC,18,2026-04-29,주중,오후,172593,117.14,True,False,https://www.monkeytravel.com/gu/ko/golf/guam-golf/product/product_detail.php?product_id=1076788717,,False
2026-04-28 22:47:34,소노펠리체CC 괌 망길라오,golf_guam_mangilao,레오팔레스 리조트 CC,몽키트래블,레오팔레스 리조트 CC,18,2026-04-30,주중,오전,172593,117.14,True,False,https://www.monkeytravel.com/gu/ko/golf/guam-golf/product/product_detail.php?product_id=1076788717,,False
2026-04-28 22:47:34,소노펠리체CC 괌 망길라오,golf_guam_mangilao,레오팔레스 리조트 CC,몽키트래블,레오팔레스 리조트 CC,18,2026-04-30,주중,오후,172593,117.14,True,False,https://www.monkeytravel.com/gu/ko/golf/guam-golf/product/product_detail.php?product_id=1076788717,,False
2026-04-28 22:47:36,소노펠리체CC 괌 망길라오,golf_guam_mangilao,레오팔레스 리조트 CC,몽키트래블,레오팔레스 리조트 CC,18,2026-05-01,주중,오전,172593,117.14,True,False,https://www.monkeytravel.com/gu/ko/golf/guam-golf/product/product_detail.php?product_id=1076788717,,False
2026-04-28 22:47:36,소노펠리체CC 괌 망길라오,golf_guam_mangilao,레오팔레스 리조트 CC,몽키트래블,레오팔레스 리조트 CC,18,2026-05-01,주중,오후,172593,117.14,True,False,https://www.monkeytravel.com/gu/ko/golf/guam-golf/product/product_detail.php?product_id=1076788717,,False
2026-04-28 22:47:38,소노펠리체CC 괌 망길라오,golf_guam_mangilao,레오팔레스 리조트 CC,몽키트래블,레오팔레스 리조트 CC,18,2026-05-02,주말,오전,172593,117.14,True,False,https://www.monkeytravel.com/gu/ko/golf/guam-golf/product/product_detail.php?product_id=1076788717,,False
2026-04-28 22:47:38,소노펠리체CC 괌 망길라오,golf_guam_mangilao,레오팔레스 리조트 CC,몽키트래블,레오팔레스 리조트 CC,18,2026-05-02,주말,오후,172593,117.14,True,False,https://www.monkeytravel.com/gu/ko/golf/guam-golf/product/product_detail.php?product_id=1076788717,,False
2026-04-28 22:47:40,소노펠리체CC 괌 망길라오,golf_guam_mangilao,레오팔레스 리조트 CC,몽키트래블,레오팔레스 리조트 CC,18,2026-05-03,주말,오전,172593,117.14,True,False,https://www.monkeytravel.com/gu/ko/golf/guam-golf/product/product_detail.php?product_id=1076788717,,False
2026-04-28 22:47:40,소노펠리체CC 괌 망길라오,golf_guam_mangilao,레오팔레스 리조트 CC,몽키트래블,레오팔레스 리조트 CC,18,2026-05-03,주말,오후,172593,117.14,True,False,https://www.monkeytravel.com/gu/ko/golf/guam-golf/product/product_detail.php?product_id=1076788717,,False
2026-04-28 22:47:42,소노펠리체CC 괌 망길라오,golf_guam_mangilao,레오팔레스 리조트 CC,몽키트래블,레오팔레스 리조트 CC,18,2026-05-04,주중,오전,172593,117.14,True,False,https://www.monkeytravel.com/gu/ko/golf/guam-golf/product/product_detail.php?product_id=1076788717,,False
2026-04-28 22:47:42,소노펠리체CC 괌 망길라오,golf_guam_mangilao,레오팔레스 리조트 CC,몽키트래블,레오팔레스 리조트 CC,18,2026-05-04,주중,오후,172593,117.14,True,False,https://www.monkeytravel.com/gu/ko/golf/guam-golf/product/product_detail.php?product_id=1076788717,,False
2026-04-28 22:47:44,소노펠리체CC 괌 망길라오,golf_guam_mangilao,레오팔레스 리조트 CC,몽키트래블,레오팔레스 리조트 CC,18,2026-05-05,주중,오전,172593,117.14,True,False,https://www.monkeytravel.com/gu/ko/golf/guam-golf/product/product_detail.php?product_id=1076788717,,False
2026-04-28 22:47:44,소노펠리체CC 괌 망길라오,golf_guam_mangilao,레오팔레스 리조트 CC,몽키트래블,레오팔레스 리조트 CC,18,2026-05-05,주중,오후,172593,117.14,True,False,https://www.monkeytravel.com/gu/ko/golf/guam-golf/product/product_detail.php?product_id=1076788717,,False
2026-04-28 22:47:46,소노펠리체CC 괌 망길라오,golf_guam_mangilao,레오팔레스 리조트 CC,몽키트래블,레오팔레스 리조트 CC,18,2026-05-06,주중,오전,172593,117.14,True,False,https://www.monkeytravel.com/gu/ko/golf/guam-golf/product/product_detail.php?product_id=1076788717,,False
2026-04-28 22:47:46,소노펠리체CC 괌 망길라오,golf_guam_mangilao,레오팔레스 리조트 CC,몽키트래블,레오팔레스 리조트 CC,18,2026-05-06,주중,오후,172593,117.14,True,False,https://www.monkeytravel.com/gu/ko/golf/guam-golf/product/product_detail.php?product_id=1076788717,,False
2026-04-28 22:47:48,소노펠리체CC 괌 망길라오,golf_guam_mangilao,레오팔레스 리조트 CC,몽키트래블,레오팔레스 리조트 CC,18,2026-05-07,주중,오전,172593,117.14,True,False,https://www.monkeytravel.com/gu/ko/golf/guam-golf/product/product_detail.php?product_id=1076788717,,False
2026-04-28 22:47:48,소노펠리체CC 괌 망길라오,golf_guam_mangilao,레오팔레스 리조트 CC,몽키트래블,레오팔레스 리조트 CC,18,2026-05-07,주중,오후,172593,117.14,True,False,https://www.monkeytravel.com/gu/ko/golf/guam-golf/product/product_detail.php?product_id=1076788717,,False
2026-04-28 22:47:50,소노펠리체CC 괌 망길라오,golf_guam_mangilao,레오팔레스 리조트 CC,몽키트래블,레오팔레스 리조트 CC,18,2026-05-08,주중,오전,172593,117.14,True,False,https://www.monkeytravel.com/gu/ko/golf/guam-golf/product/product_detail.php?product_id=1076788717,,False
2026-04-28 22:47:50,소노펠리체CC 괌 망길라오,golf_guam_mangilao,레오팔레스 리조트 CC,몽키트래블,레오팔레스 리조트 CC,18,2026-05-08,주중,오후,172593,117.14,True,False,https://www.monkeytravel.com/gu/ko/golf/guam-golf/product/product_detail.php?product_id=1076788717,,False
2026-04-28 22:47:51,소노펠리체CC 괌 망길라오,golf_guam_mangilao,레오팔레스 리조트 CC,몽키트래블,레오팔레스 리조트 CC,18,2026-05-09,주말,오전,172593,117.14,True,False,https://www.monkeytravel.com/gu/ko/golf/guam-golf/product/product_detail.php?product_id=1076788717,,False
2026-04-28 22:47:51,소노펠리체CC 괌 망길라오,golf_guam_mangilao,레오팔레스 리조트 CC,몽키트래블,레오팔레스 리조트 CC,18,2026-05-09,주말,오후,172593,117.14,True,False,https://www.monkeytravel.com/gu/ko/golf/guam-golf/product/product_detail.php?product_id=1076788717,,False
2026-04-28 22:47:53,소노펠리체CC 괌 망길라오,golf_guam_mangilao,레오팔레스 리조트 CC,몽키트래블,레오팔레스 리조트 CC,18,2026-05-10,주말,오전,172593,117.14,True,False,https://www.monkeytravel.com/gu/ko/golf/guam-golf/product/product_detail.php?product_id=1076788717,,False
2026-04-28 22:47:53,소노펠리체CC 괌 망길라오,golf_guam_mangilao,레오팔레스 리조트 CC,몽키트래블,레오팔레스 리조트 CC,18,2026-05-10,주말,오후,172593,117.14,True,False,https://www.monkeytravel.com/gu/ko/golf/guam-golf/product/product_detail.php?product_id=1076788717,,False
2026-04-28 22:47:55,소노펠리체CC 괌 망길라오,golf_guam_mangilao,레오팔레스 리조트 CC,몽키트래블,레오팔레스 리조트 CC,18,2026-05-11,주중,오전,172593,117.14,True,False,https://www.monkeytravel.com/gu/ko/golf/guam-golf/product/product_detail.php?product_id=1076788717,,False
2026-04-28 22:47:55,소노펠리체CC 괌 망길라오,golf_guam_mangilao,레오팔레스 리조트 CC,몽키트래블,레오팔레스 리조트 CC,18,2026-05-11,주중,오후,172593,117.14,True,False,https://www.monkeytravel.com/gu/ko/golf/guam-golf/product/product_detail.php?product_id=1076788717,,False
2026-04-28 22:47:57,소노펠리체CC 괌 망길라오,golf_guam_mangilao,레오팔레스 리조트 CC,몽키트래블,레오팔레스 리조트 CC,18,2026-05-12,주중,오전,172593,117.14,True,False,https://www.monkeytravel.com/gu/ko/golf/guam-golf/product/product_detail.php?product_id=1076788717,,False
2026-04-28 22:47:57,소노펠리체CC 괌 망길라오,golf_guam_mangilao,레오팔레스 리조트 CC,몽키트래블,레오팔레스 리조트 CC,18,2026-05-12,주중,오후,172593,117.14,True,False,https://www.monkeytravel.com/gu/ko/golf/guam-golf/product/product_detail.php?product_id=1076788717,,False
2026-04-28 22:47:59,소노펠리체CC 괌 망길라오,golf_guam_mangilao,레오팔레스 리조트 CC,AGL,레오팔레스 리조트 CC,18,2026-04-28,주중,최저가,203300,137.99,False,False,https://www.tigerbooking.com/ko/golf-course/teetime/1/GU,,False
2026-04-28 22:47:59,소노펠리체CC 괌 망길라오,golf_guam_mangilao,CCP (컨트리 클럽 오브 더 퍼시픽),몽키트래블,CCP (컨트리 클럽 오브 더 퍼시픽),18,2026-04-29,주중,오전,168090,114.09,True,False,https://www.monkeytravel.com/gu/ko/golf/guam-golf/product/product_detail.php?product_id=1076788719,,False
2026-04-28 22:47:59,소노펠리체CC 괌 망길라오,golf_guam_mangilao,CCP (컨트리 클럽 오브 더 퍼시픽),몽키트래블,CCP (컨트리 클럽 오브 더 퍼시픽),18,2026-04-29,주중,오후,168090,114.09,True,False,https://www.monkeytravel.com/gu/ko/golf/guam-golf/product/product_detail.php?product_id=1076788719,,False
2026-04-28 22:48:01,소노펠리체CC 괌 망길라오,golf_guam_mangilao,CCP (컨트리 클럽 오브 더 퍼시픽),몽키트래블,CCP (컨트리 클럽 오브 더 퍼시픽),18,2026-04-30,주중,오전,168090,114.09,True,False,https://www.monkeytravel.com/gu/ko/golf/guam-golf/product/product_detail.php?product_id=1076788719,,False
2026-04-28 22:48:01,소노펠리체CC 괌 망길라오,golf_guam_mangilao,CCP (컨트리 클럽 오브 더 퍼시픽),몽키트래블,CCP (컨트리 클럽 오브 더 퍼시픽),18,2026-04-30,주중,오후,168090,114.09,True,False,https://www.monkeytravel.com/gu/ko/golf/guam-golf/product/product_detail.php?product_id=1076788719,,False
2026-04-28 22:48:03,소노펠리체CC 괌 망길라오,golf_guam_mangilao,CCP (컨트리 클럽 오브 더 퍼시픽),몽키트래블,CCP (컨트리 클럽 오브 더 퍼시픽),18,2026-05-01,주중,오전,168090,114.09,True,False,https://www.monkeytravel.com/gu/ko/golf/guam-golf/product/product_detail.php?product_id=1076788719,,False
2026-04-28 22:48:03,소노펠리체CC 괌 망길라오,golf_guam_mangilao,CCP (컨트리 클럽 오브 더 퍼시픽),몽키트래블,CCP (컨트리 클럽 오브 더 퍼시픽),18,2026-05-01,주중,오후,168090,114.09,True,False,https://www.monkeytravel.com/gu/ko/golf/guam-golf/product/product_detail.php?product_id=1076788719,,False
2026-04-28 22:48:05,소노펠리체CC 괌 망길라오,golf_guam_mangilao,CCP (컨트리 클럽 오브 더 퍼시픽),몽키트래블,CCP (컨트리 클럽 오브 더 퍼시픽),18,2026-05-02,주말,오전,168090,114.09,True,False,https://www.monkeytravel.com/gu/ko/golf/guam-golf/product/product_detail.php?product_id=1076788719,,False
2026-04-28 22:48:05,소노펠리체CC 괌 망길라오,golf_guam_mangilao,CCP (컨트리 클럽 오브 더 퍼시픽),몽키트래블,CCP (컨트리 클럽 오브 더 퍼시픽),18,2026-05-02,주말,오후,168090,114.09,True,False,https://www.monkeytravel.com/gu/ko/golf/guam-golf/product/product_detail.php?product_id=1076788719,,False
2026-04-28 22:48:07,소노펠리체CC 괌 망길라오,golf_guam_mangilao,CCP (컨트리 클럽 오브 더 퍼시픽),몽키트래블,CCP (컨트리 클럽 오브 더 퍼시픽),18,2026-05-03,주말,오전,168090,114.09,True,False,https://www.monkeytravel.com/gu/ko/golf/guam-golf/product/product_detail.php?product_id=1076788719,,False
2026-04-28 22:48:07,소노펠리체CC 괌 망길라오,golf_guam_mangilao,CCP (컨트리 클럽 오브 더 퍼시픽),몽키트래블,CCP (컨트리 클럽 오브 더 퍼시픽),18,2026-05-03,주말,오후,168090,114.09,True,False,https://www.monkeytravel.com/gu/ko/golf/guam-golf/product/product_detail.php?product_id=1076788719,,False
2026-04-28 22:48:09,소노펠리체CC 괌 망길라오,golf_guam_mangilao,CCP (컨트리 클럽 오브 더 퍼시픽),몽키트래블,CCP (컨트리 클럽 오브 더 퍼시픽),18,2026-05-04,주중,오전,168090,114.09,True,False,https://www.monkeytravel.com/gu/ko/golf/guam-golf/product/product_detail.php?product_id=1076788719,,False
2026-04-28 22:48:09,소노펠리체CC 괌 망길라오,golf_guam_mangilao,CCP (컨트리 클럽 오브 더 퍼시픽),몽키트래블,CCP (컨트리 클럽 오브 더 퍼시픽),18,2026-05-04,주중,오후,168090,114.09,True,False,https://www.monkeytravel.com/gu/ko/golf/guam-golf/product/product_detail.php?product_id=1076788719,,False
2026-04-28 22:48:10,소노펠리체CC 괌 망길라오,golf_guam_mangilao,CCP (컨트리 클럽 오브 더 퍼시픽),몽키트래블,CCP (컨트리 클럽 오브 더 퍼시픽),18,2026-05-05,주중,오전,168090,114.09,True,False,https://www.monkeytravel.com/gu/ko/golf/guam-golf/product/product_detail.php?product_id=1076788719,,False
2026-04-28 22:48:10,소노펠리체CC 괌 망길라오,golf_guam_mangilao,CCP (컨트리 클럽 오브 더 퍼시픽),몽키트래블,CCP (컨트리 클럽 오브 더 퍼시픽),18,2026-05-05,주중,오후,168090,114.09,True,False,https://www.monkeytravel.com/gu/ko/golf/guam-golf/product/product_detail.php?product_id=1076788719,,False
2026-04-28 22:48:12,소노펠리체CC 괌 망길라오,golf_guam_mangilao,CCP (컨트리 클럽 오브 더 퍼시픽),몽키트래블,CCP (컨트리 클럽 오브 더 퍼시픽),18,2026-05-06,주중,오전,168090,114.09,True,False,https://www.monkeytravel.com/gu/ko/golf/guam-golf/product/product_detail.php?product_id=1076788719,,False
2026-04-28 22:48:12,소노펠리체CC 괌 망길라오,golf_guam_mangilao,CCP (컨트리 클럽 오브 더 퍼시픽),몽키트래블,CCP (컨트리 클럽 오브 더 퍼시픽),18,2026-05-06,주중,오후,168090,114.09,True,False,https://www.monkeytravel.com/gu/ko/golf/guam-golf/product/product_detail.php?product_id=1076788719,,False
2026-04-28 22:48:14,소노펠리체CC 괌 망길라오,golf_guam_mangilao,CCP (컨트리 클럽 오브 더 퍼시픽),몽키트래블,CCP (컨트리 클럽 오브 더 퍼시픽),18,2026-05-07,주중,오전,168090,114.09,True,False,https://www.monkeytravel.com/gu/ko/golf/guam-golf/product/product_detail.php?product_id=1076788719,,False
2026-04-28 22:48:14,소노펠리체CC 괌 망길라오,golf_guam_mangilao,CCP (컨트리 클럽 오브 더 퍼시픽),몽키트래블,CCP (컨트리 클럽 오브 더 퍼시픽),18,2026-05-07,주중,오후,168090,114.09,True,False,https://www.monkeytravel.com/gu/ko/golf/guam-golf/product/product_detail.php?product_id=1076788719,,False
2026-04-28 22:48:16,소노펠리체CC 괌 망길라오,golf_guam_mangilao,CCP (컨트리 클럽 오브 더 퍼시픽),몽키트래블,CCP (컨트리 클럽 오브 더 퍼시픽),18,2026-05-08,주중,오전,168090,114.09,True,False,https://www.monkeytravel.com/gu/ko/golf/guam-golf/product/product_detail.php?product_id=1076788719,,False
2026-04-28 22:48:16,소노펠리체CC 괌 망길라오,golf_guam_mangilao,CCP (컨트리 클럽 오브 더 퍼시픽),몽키트래블,CCP (컨트리 클럽 오브 더 퍼시픽),18,2026-05-08,주중,오후,168090,114.09,True,False,https://www.monkeytravel.com/gu/ko/golf/guam-golf/product/product_detail.php?product_id=1076788719,,False
2026-04-28 22:48:18,소노펠리체CC 괌 망길라오,golf_guam_mangilao,CCP (컨트리 클럽 오브 더 퍼시픽),몽키트래블,CCP (컨트리 클럽 오브 더 퍼시픽),18,2026-05-09,주말,오전,168090,114.09,True,False,https://www.monkeytravel.com/gu/ko/golf/guam-golf/product/product_detail.php?product_id=1076788719,,False
2026-04-28 22:48:18,소노펠리체CC 괌 망길라오,golf_guam_mangilao,CCP (컨트리 클럽 오브 더 퍼시픽),몽키트래블,CCP (컨트리 클럽 오브 더 퍼시픽),18,2026-05-09,주말,오후,168090,114.09,True,False,https://www.monkeytravel.com/gu/ko/golf/guam-golf/product/product_detail.php?product_id=1076788719,,False
2026-04-28 22:48:20,소노펠리체CC 괌 망길라오,golf_guam_mangilao,CCP (컨트리 클럽 오브 더 퍼시픽),몽키트래블,CCP (컨트리 클럽 오브 더 퍼시픽),18,2026-05-10,주말,오전,168090,114.09,True,False,https://www.monkeytravel.com/gu/ko/golf/guam-golf/product/product_detail.php?product_id=1076788719,,False
2026-04-28 22:48:20,소노펠리체CC 괌 망길라오,golf_guam_mangilao,CCP (컨트리 클럽 오브 더 퍼시픽),몽키트래블,CCP (컨트리 클럽 오브 더 퍼시픽),18,2026-05-10,주말,오후,168090,114.09,True,False,https://www.monkeytravel.com/gu/ko/golf/guam-golf/product/product_detail.php?product_id=1076788719,,False
2026-04-28 22:48:22,소노펠리체CC 괌 망길라오,golf_guam_mangilao,CCP (컨트리 클럽 오브 더 퍼시픽),몽키트래블,CCP (컨트리 클럽 오브 더 퍼시픽),18,2026-05-11,주중,오전,168090,114.09,True,False,https://www.monkeytravel.com/gu/ko/golf/guam-golf/product/product_detail.php?product_id=1076788719,,False
2026-04-28 22:48:22,소노펠리체CC 괌 망길라오,golf_guam_mangilao,CCP (컨트리 클럽 오브 더 퍼시픽),몽키트래블,CCP (컨트리 클럽 오브 더 퍼시픽),18,2026-05-11,주중,오후,168090,114.09,True,False,https://www.monkeytravel.com/gu/ko/golf/guam-golf/product/product_detail.php?product_id=1076788719,,False
2026-04-28 22:48:24,소노펠리체CC 괌 망길라오,golf_guam_mangilao,CCP (컨트리 클럽 오브 더 퍼시픽),몽키트래블,CCP (컨트리 클럽 오브 더 퍼시픽),18,2026-05-12,주중,오전,168090,114.09,True,False,https://www.monkeytravel.com/gu/ko/golf/guam-golf/product/product_detail.php?product_id=1076788719,,False
2026-04-28 22:48:24,소노펠리체CC 괌 망길라오,golf_guam_mangilao,CCP (컨트리 클럽 오브 더 퍼시픽),몽키트래블,CCP (컨트리 클럽 오브 더 퍼시픽),18,2026-05-12,주중,오후,168090,114.09,True,False,https://www.monkeytravel.com/gu/ko/golf/guam-golf/product/product_detail.php?product_id=1076788719,,False
2026-04-28 22:48:26,소노펠리체CC 괌 망길라오,golf_guam_mangilao,CCP (컨트리 클럽 오브 더 퍼시픽),AGL,CCP (컨트리 클럽 오브 더 퍼시픽),18,,,,0,0.0,False,False,https://www.tigerbooking.com/ko/golf-course/teetime/1/GU,inquiry_only_no_price,False
2026-04-28 22:48:26,소노펠리체CC 괌 망길라오,golf_guam_mangilao,CCP (컨트리 클럽 오브 더 퍼시픽),KKday,CCP (컨트리 클럽 오브 더 퍼시픽),18,,,,0,0.0,False,False,https://www.kkday.com/en/product/156004,product_not_found_404,False
2026-04-28 22:48:27,소노펠리체CC 괌 망길라오,golf_guam_mangilao,퍼시픽링스 괌 (GICC),몽키트래블,괌 인터내셔널 컨트리 클럽,18,,,,0,0.0,False,False,https://www.monkeytravel.com/gu/ko/golf/guam-golf/product/product_detail.php?product_id=1076788718,no_data,False
2026-04-28 22:48:28,소노펠리체CC 괌 망길라오,golf_guam_mangilao,퍼시픽링스 괌 (GICC),몽키트래블,괌 인터내셔널 컨트리 클럽,18,,,,0,0.0,False,False,https://www.monkeytravel.com/gu/ko/golf/guam-golf/product/product_detail.php?product_id=1076788718,no_data,False
2026-04-28 22:48:31,소노펠리체CC 괌 망길라오,golf_guam_mangilao,퍼시픽링스 괌 (GICC),몽키트래블,괌 인터내셔널 컨트리 클럽,18,,,,0,0.0,False,False,https://www.monkeytravel.com/gu/ko/golf/guam-golf/product/product_detail.php?product_id=1076788718,no_data,False
2026-04-28 22:48:32,소노펠리체CC 괌 망길라오,golf_guam_mangilao,퍼시픽링스 괌 (GICC),몽키트래블,괌 인터내셔널 컨트리 클럽,18,,,,0,0.0,False,False,https://www.monkeytravel.com/gu/ko/golf/guam-golf/product/product_detail.php?product_id=1076788718,no_data,False
2026-04-28 22:48:34,소노펠리체CC 괌 망길라오,golf_guam_mangilao,퍼시픽링스 괌 (GICC),몽키트래블,괌 인터내셔널 컨트리 클럽,18,,,,0,0.0,False,False,https://www.monkeytravel.com/gu/ko/golf/guam-golf/product/product_detail.php?product_id=1076788718,no_data,False
2026-04-28 22:48:36,소노펠리체CC 괌 망길라오,golf_guam_mangilao,퍼시픽링스 괌 (GICC),몽키트래블,괌 인터내셔널 컨트리 클럽,18,,,,0,0.0,False,False,https://www.monkeytravel.com/gu/ko/golf/guam-golf/product/product_detail.php?product_id=1076788718,no_data,False
2026-04-28 22:48:38,소노펠리체CC 괌 망길라오,golf_guam_mangilao,퍼시픽링스 괌 (GICC),몽키트래블,괌 인터내셔널 컨트리 클럽,18,,,,0,0.0,False,False,https://www.monkeytravel.com/gu/ko/golf/guam-golf/product/product_detail.php?product_id=1076788718,no_data,False
2026-04-28 22:48:40,소노펠리체CC 괌 망길라오,golf_guam_mangilao,퍼시픽링스 괌 (GICC),몽키트래블,괌 인터내셔널 컨트리 클럽,18,,,,0,0.0,False,False,https://www.monkeytravel.com/gu/ko/golf/guam-golf/product/product_detail.php?product_id=1076788718,no_data,False
2026-04-28 22:48:42,소노펠리체CC 괌 망길라오,golf_guam_mangilao,퍼시픽링스 괌 (GICC),몽키트래블,괌 인터내셔널 컨트리 클럽,18,,,,0,0.0,False,False,https://www.monkeytravel.com/gu/ko/golf/guam-golf/product/product_detail.php?product_id=1076788718,no_data,False
2026-04-28 22:48:44,소노펠리체CC 괌 망길라오,golf_guam_mangilao,퍼시픽링스 괌 (GICC),몽키트래블,괌 인터내셔널 컨트리 클럽,18,,,,0,0.0,False,False,https://www.monkeytravel.com/gu/ko/golf/guam-golf/product/product_detail.php?product_id=1076788718,no_data,False
2026-04-28 22:48:46,소노펠리체CC 괌 망길라오,golf_guam_mangilao,퍼시픽링스 괌 (GICC),몽키트래블,괌 인터내셔널 컨트리 클럽,18,,,,0,0.0,False,False,https://www.monkeytravel.com/gu/ko/golf/guam-golf/product/product_detail.php?product_id=1076788718,no_data,False
2026-04-28 22:48:47,소노펠리체CC 괌 망길라오,golf_guam_mangilao,퍼시픽링스 괌 (GICC),몽키트래블,괌 인터내셔널 컨트리 클럽,18,,,,0,0.0,False,False,https://www.monkeytravel.com/gu/ko/golf/guam-golf/product/product_detail.php?product_id=1076788718,no_data,False
2026-04-28 22:48:49,소노펠리체CC 괌 망길라오,golf_guam_mangilao,퍼시픽링스 괌 (GICC),몽키트래블,괌 인터내셔널 컨트리 클럽,18,,,,0,0.0,False,False,https://www.monkeytravel.com/gu/ko/golf/guam-golf/product/product_detail.php?product_id=1076788718,no_data,False
2026-04-28 22:48:51,소노펠리체CC 괌 망길라오,golf_guam_mangilao,퍼시픽링스 괌 (GICC),몽키트래블,괌 인터내셔널 컨트리 클럽,18,,,,0,0.0,False,False,https://www.monkeytravel.com/gu/ko/golf/guam-golf/product/product_detail.php?product_id=1076788718,no_data,False
2026-04-28 22:48:53,소노펠리체CC 괌 망길라오,golf_guam_mangilao,퍼시픽링스 괌 (GICC),AGL,괌 인터내셔널 컨트리 클럽,18,,,,0,0.0,False,False,https://www.tigerbooking.com/ko/golf-course/teetime/1/GU,inquiry_only_no_price,False
2026-04-28 22:48:53,소노펠리체CC 괌 탈로포포,golf_guam_talofofo,자사,몽키트래블,탈로포포 골프 클럽,18,2026-04-29,주중,오전,217617,147.7,False,False,https://www.monkeytravel.com/gu/ko/golf/guam-golf/product/product_detail.php?product_id=1076788720,,True
2026-04-28 22:48:53,소노펠리체CC 괌 탈로포포,golf_guam_talofofo,자사,몽키트래블,탈로포포 골프 클럽,18,2026-04-29,주중,오후,217617,147.7,False,False,https://www.monkeytravel.com/gu/ko/golf/guam-golf/product/product_detail.php?product_id=1076788720,,True
2026-04-28 22:48:55,소노펠리체CC 괌 탈로포포,golf_guam_talofofo,자사,몽키트래블,탈로포포 골프 클럽,18,2026-04-30,주중,오전,217617,147.7,False,False,https://www.monkeytravel.com/gu/ko/golf/guam-golf/product/product_detail.php?product_id=1076788720,,True
2026-04-28 22:48:55,소노펠리체CC 괌 탈로포포,golf_guam_talofofo,자사,몽키트래블,탈로포포 골프 클럽,18,2026-04-30,주중,오후,217617,147.7,False,False,https://www.monkeytravel.com/gu/ko/golf/guam-golf/product/product_detail.php?product_id=1076788720,,True
2026-04-28 22:48:57,소노펠리체CC 괌 탈로포포,golf_guam_talofofo,자사,몽키트래블,탈로포포 골프 클럽,18,2026-05-01,주중,오전,217617,147.7,False,False,https://www.monkeytravel.com/gu/ko/golf/guam-golf/product/product_detail.php?product_id=1076788720,,True
2026-04-28 22:48:57,소노펠리체CC 괌 탈로포포,golf_guam_talofofo,자사,몽키트래블,탈로포포 골프 클럽,18,2026-05-01,주중,오후,217617,147.7,False,False,https://www.monkeytravel.com/gu/ko/golf/guam-golf/product/product_detail.php?product_id=1076788720,,True
2026-04-28 22:48:59,소노펠리체CC 괌 탈로포포,golf_guam_talofofo,자사,몽키트래블,탈로포포 골프 클럽,18,2026-05-02,주말,오전,217617,147.7,False,False,https://www.monkeytravel.com/gu/ko/golf/guam-golf/product/product_detail.php?product_id=1076788720,,True
2026-04-28 22:49:01,소노펠리체CC 괌 탈로포포,golf_guam_talofofo,자사,몽키트래블,탈로포포 골프 클럽,18,2026-05-03,주말,오전,217617,147.7,False,False,https://www.monkeytravel.com/gu/ko/golf/guam-golf/product/product_detail.php?product_id=1076788720,,True
2026-04-28 22:49:03,소노펠리체CC 괌 탈로포포,golf_guam_talofofo,자사,몽키트래블,탈로포포 골프 클럽,18,2026-05-04,주중,오전,217617,147.7,False,False,https://www.monkeytravel.com/gu/ko/golf/guam-golf/product/product_detail.php?product_id=1076788720,,True
2026-04-28 22:49:03,소노펠리체CC 괌 탈로포포,golf_guam_talofofo,자사,몽키트래블,탈로포포 골프 클럽,18,2026-05-04,주중,오후,217617,147.7,False,False,https://www.monkeytravel.com/gu/ko/golf/guam-golf/product/product_detail.php?product_id=1076788720,,True
2026-04-28 22:49:05,소노펠리체CC 괌 탈로포포,golf_guam_talofofo,자사,몽키트래블,탈로포포 골프 클럽,18,2026-05-05,주중,오전,217617,147.7,False,False,https://www.monkeytravel.com/gu/ko/golf/guam-golf/product/product_detail.php?product_id=1076788720,,True
2026-04-28 22:49:05,소노펠리체CC 괌 탈로포포,golf_guam_talofofo,자사,몽키트래블,탈로포포 골프 클럽,18,2026-05-05,주중,오후,217617,147.7,False,False,https://www.monkeytravel.com/gu/ko/golf/guam-golf/product/product_detail.php?product_id=1076788720,,True
2026-04-28 22:49:07,소노펠리체CC 괌 탈로포포,golf_guam_talofofo,자사,몽키트래블,탈로포포 골프 클럽,18,2026-05-06,주중,오전,217617,147.7,False,False,https://www.monkeytravel.com/gu/ko/golf/guam-golf/product/product_detail.php?product_id=1076788720,,True
2026-04-28 22:49:07,소노펠리체CC 괌 탈로포포,golf_guam_talofofo,자사,몽키트래블,탈로포포 골프 클럽,18,2026-05-06,주중,오후,217617,147.7,False,False,https://www.monkeytravel.com/gu/ko/golf/guam-golf/product/product_detail.php?product_id=1076788720,,True
2026-04-28 22:49:09,소노펠리체CC 괌 탈로포포,golf_guam_talofofo,자사,몽키트래블,탈로포포 골프 클럽,18,2026-05-07,주중,오전,217617,147.7,False,False,https://www.monkeytravel.com/gu/ko/golf/guam-golf/product/product_detail.php?product_id=1076788720,,True
2026-04-28 22:49:09,소노펠리체CC 괌 탈로포포,golf_guam_talofofo,자사,몽키트래블,탈로포포 골프 클럽,18,2026-05-07,주중,오후,217617,147.7,False,False,https://www.monkeytravel.com/gu/ko/golf/guam-golf/product/product_detail.php?product_id=1076788720,,True
2026-04-28 22:49:11,소노펠리체CC 괌 탈로포포,golf_guam_talofofo,자사,몽키트래블,탈로포포 골프 클럽,18,2026-05-08,주중,오전,217617,147.7,False,False,https://www.monkeytravel.com/gu/ko/golf/guam-golf/product/product_detail.php?product_id=1076788720,,True
2026-04-28 22:49:11,소노펠리체CC 괌 탈로포포,golf_guam_talofofo,자사,몽키트래블,탈로포포 골프 클럽,18,2026-05-08,주중,오후,217617,147.7,False,False,https://www.monkeytravel.com/gu/ko/golf/guam-golf/product/product_detail.php?product_id=1076788720,,True
2026-04-28 22:49:13,소노펠리체CC 괌 탈로포포,golf_guam_talofofo,자사,몽키트래블,탈로포포 골프 클럽,18,2026-05-09,주말,오전,217617,147.7,False,False,https://www.monkeytravel.com/gu/ko/golf/guam-golf/product/product_detail.php?product_id=1076788720,,True
2026-04-28 22:49:15,소노펠리체CC 괌 탈로포포,golf_guam_talofofo,자사,몽키트래블,탈로포포 골프 클럽,18,2026-05-10,주말,오전,217617,147.7,False,False,https://www.monkeytravel.com/gu/ko/golf/guam-golf/product/product_detail.php?product_id=1076788720,,True
2026-04-28 22:49:17,소노펠리체CC 괌 탈로포포,golf_guam_talofofo,자사,몽키트래블,탈로포포 골프 클럽,18,2026-05-11,주중,오전,217617,147.7,False,False,https://www.monkeytravel.com/gu/ko/golf/guam-golf/product/product_detail.php?product_id=1076788720,,True
2026-04-28 22:49:17,소노펠리체CC 괌 탈로포포,golf_guam_talofofo,자사,몽키트래블,탈로포포 골프 클럽,18,2026-05-11,주중,오후,217617,147.7,False,False,https://www.monkeytravel.com/gu/ko/golf/guam-golf/product/product_detail.php?product_id=1076788720,,True
2026-04-28 22:49:19,소노펠리체CC 괌 탈로포포,golf_guam_talofofo,자사,몽키트래블,탈로포포 골프 클럽,18,2026-05-12,주중,오전,217617,147.7,False,False,https://www.monkeytravel.com/gu/ko/golf/guam-golf/product/product_detail.php?product_id=1076788720,,True
2026-04-28 22:49:19,소노펠리체CC 괌 탈로포포,golf_guam_talofofo,자사,몽키트래블,탈로포포 골프 클럽,18,2026-05-12,주중,오후,217617,147.7,False,False,https://www.monkeytravel.com/gu/ko/golf/guam-golf/product/product_detail.php?product_id=1076788720,,True
2026-04-28 22:49:21,소노펠리체CC 괌 탈로포포,golf_guam_talofofo,자사,AGL,탈로포포 골프 클럽,18,2026-04-28,주중,최저가,221000,150.0,False,False,https://www.tigerbooking.com/ko/golf-course/teetime/1/GU,,True
2026-04-28 22:49:23,소노펠리체CC 괌 탈로포포,golf_guam_talofofo,자사,KKday,탈로포포 골프 클럽,18,2026-04-28,주중,최저가,229827,155.99,False,False,https://www.kkday.com/en/product/156016,,True
2026-04-28 22:49:23,소노펠리체CC 괌 탈로포포,golf_guam_talofofo,레오팔레스 리조트 CC,몽키트래블,레오팔레스 리조트 CC,18,2026-04-29,주중,오전,172593,117.14,True,False,https://www.monkeytravel.com/gu/ko/golf/guam-golf/product/product_detail.php?product_id=1076788717,,False
2026-04-28 22:49:23,소노펠리체CC 괌 탈로포포,golf_guam_talofofo,레오팔레스 리조트 CC,몽키트래블,레오팔레스 리조트 CC,18,2026-04-29,주중,오후,172593,117.14,True,False,https://www.monkeytravel.com/gu/ko/golf/guam-golf/product/product_detail.php?product_id=1076788717,,False
2026-04-28 22:49:25,소노펠리체CC 괌 탈로포포,golf_guam_talofofo,레오팔레스 리조트 CC,몽키트래블,레오팔레스 리조트 CC,18,2026-04-30,주중,오전,172593,117.14,True,False,https://www.monkeytravel.com/gu/ko/golf/guam-golf/product/product_detail.php?product_id=1076788717,,False
2026-04-28 22:49:25,소노펠리체CC 괌 탈로포포,golf_guam_talofofo,레오팔레스 리조트 CC,몽키트래블,레오팔레스 리조트 CC,18,2026-04-30,주중,오후,172593,117.14,True,False,https://www.monkeytravel.com/gu/ko/golf/guam-golf/product/product_detail.php?product_id=1076788717,,False
2026-04-28 22:49:27,소노펠리체CC 괌 탈로포포,golf_guam_talofofo,레오팔레스 리조트 CC,몽키트래블,레오팔레스 리조트 CC,18,2026-05-01,주중,오전,172593,117.14,True,False,https://www.monkeytravel.com/gu/ko/golf/guam-golf/product/product_detail.php?product_id=1076788717,,False
2026-04-28 22:49:27,소노펠리체CC 괌 탈로포포,golf_guam_talofofo,레오팔레스 리조트 CC,몽키트래블,레오팔레스 리조트 CC,18,2026-05-01,주중,오후,172593,117.14,True,False,https://www.monkeytravel.com/gu/ko/golf/guam-golf/product/product_detail.php?product_id=1076788717,,False
2026-04-28 22:49:29,소노펠리체CC 괌 탈로포포,golf_guam_talofofo,레오팔레스 리조트 CC,몽키트래블,레오팔레스 리조트 CC,18,2026-05-02,주말,오전,172593,117.14,True,False,https://www.monkeytravel.com/gu/ko/golf/guam-golf/product/product_detail.php?product_id=1076788717,,False
2026-04-28 22:49:29,소노펠리체CC 괌 탈로포포,golf_guam_talofofo,레오팔레스 리조트 CC,몽키트래블,레오팔레스 리조트 CC,18,2026-05-02,주말,오후,172593,117.14,True,False,https://www.monkeytravel.com/gu/ko/golf/guam-golf/product/product_detail.php?product_id=1076788717,,False
2026-04-28 22:49:31,소노펠리체CC 괌 탈로포포,golf_guam_talofofo,레오팔레스 리조트 CC,몽키트래블,레오팔레스 리조트 CC,18,2026-05-03,주말,오전,172593,117.14,True,False,https://www.monkeytravel.com/gu/ko/golf/guam-golf/product/product_detail.php?product_id=1076788717,,False
2026-04-28 22:49:31,소노펠리체CC 괌 탈로포포,golf_guam_talofofo,레오팔레스 리조트 CC,몽키트래블,레오팔레스 리조트 CC,18,2026-05-03,주말,오후,172593,117.14,True,False,https://www.monkeytravel.com/gu/ko/golf/guam-golf/product/product_detail.php?product_id=1076788717,,False
2026-04-28 22:49:33,소노펠리체CC 괌 탈로포포,golf_guam_talofofo,레오팔레스 리조트 CC,몽키트래블,레오팔레스 리조트 CC,18,2026-05-04,주중,오전,172593,117.14,True,False,https://www.monkeytravel.com/gu/ko/golf/guam-golf/product/product_detail.php?product_id=1076788717,,False
2026-04-28 22:49:33,소노펠리체CC 괌 탈로포포,golf_guam_talofofo,레오팔레스 리조트 CC,몽키트래블,레오팔레스 리조트 CC,18,2026-05-04,주중,오후,172593,117.14,True,False,https://www.monkeytravel.com/gu/ko/golf/guam-golf/product/product_detail.php?product_id=1076788717,,False
2026-04-28 22:49:35,소노펠리체CC 괌 탈로포포,golf_guam_talofofo,레오팔레스 리조트 CC,몽키트래블,레오팔레스 리조트 CC,18,2026-05-05,주중,오전,172593,117.14,True,False,https://www.monkeytravel.com/gu/ko/golf/guam-golf/product/product_detail.php?product_id=1076788717,,False
2026-04-28 22:49:35,소노펠리체CC 괌 탈로포포,golf_guam_talofofo,레오팔레스 리조트 CC,몽키트래블,레오팔레스 리조트 CC,18,2026-05-05,주중,오후,172593,117.14,True,False,https://www.monkeytravel.com/gu/ko/golf/guam-golf/product/product_detail.php?product_id=1076788717,,False
2026-04-28 22:49:37,소노펠리체CC 괌 탈로포포,golf_guam_talofofo,레오팔레스 리조트 CC,몽키트래블,레오팔레스 리조트 CC,18,2026-05-06,주중,오전,172593,117.14,True,False,https://www.monkeytravel.com/gu/ko/golf/guam-golf/product/product_detail.php?product_id=1076788717,,False
2026-04-28 22:49:37,소노펠리체CC 괌 탈로포포,golf_guam_talofofo,레오팔레스 리조트 CC,몽키트래블,레오팔레스 리조트 CC,18,2026-05-06,주중,오후,172593,117.14,True,False,https://www.monkeytravel.com/gu/ko/golf/guam-golf/product/product_detail.php?product_id=1076788717,,False
2026-04-28 22:49:38,소노펠리체CC 괌 탈로포포,golf_guam_talofofo,레오팔레스 리조트 CC,몽키트래블,레오팔레스 리조트 CC,18,2026-05-07,주중,오전,172593,117.14,True,False,https://www.monkeytravel.com/gu/ko/golf/guam-golf/product/product_detail.php?product_id=1076788717,,False
2026-04-28 22:49:38,소노펠리체CC 괌 탈로포포,golf_guam_talofofo,레오팔레스 리조트 CC,몽키트래블,레오팔레스 리조트 CC,18,2026-05-07,주중,오후,172593,117.14,True,False,https://www.monkeytravel.com/gu/ko/golf/guam-golf/product/product_detail.php?product_id=1076788717,,False
2026-04-28 22:49:40,소노펠리체CC 괌 탈로포포,golf_guam_talofofo,레오팔레스 리조트 CC,몽키트래블,레오팔레스 리조트 CC,18,2026-05-08,주중,오전,172593,117.14,True,False,https://www.monkeytravel.com/gu/ko/golf/guam-golf/product/product_detail.php?product_id=1076788717,,False
2026-04-28 22:49:40,소노펠리체CC 괌 탈로포포,golf_guam_talofofo,레오팔레스 리조트 CC,몽키트래블,레오팔레스 리조트 CC,18,2026-05-08,주중,오후,172593,117.14,True,False,https://www.monkeytravel.com/gu/ko/golf/guam-golf/product/product_detail.php?product_id=1076788717,,False
2026-04-28 22:49:42,소노펠리체CC 괌 탈로포포,golf_guam_talofofo,레오팔레스 리조트 CC,몽키트래블,레오팔레스 리조트 CC,18,2026-05-09,주말,오전,172593,117.14,True,False,https://www.monkeytravel.com/gu/ko/golf/guam-golf/product/product_detail.php?product_id=1076788717,,False
2026-04-28 22:49:42,소노펠리체CC 괌 탈로포포,golf_guam_talofofo,레오팔레스 리조트 CC,몽키트래블,레오팔레스 리조트 CC,18,2026-05-09,주말,오후,172593,117.14,True,False,https://www.monkeytravel.com/gu/ko/golf/guam-golf/product/product_detail.php?product_id=1076788717,,False
2026-04-28 22:49:44,소노펠리체CC 괌 탈로포포,golf_guam_talofofo,레오팔레스 리조트 CC,몽키트래블,레오팔레스 리조트 CC,18,2026-05-10,주말,오전,172593,117.14,True,False,https://www.monkeytravel.com/gu/ko/golf/guam-golf/product/product_detail.php?product_id=1076788717,,False
2026-04-28 22:49:44,소노펠리체CC 괌 탈로포포,golf_guam_talofofo,레오팔레스 리조트 CC,몽키트래블,레오팔레스 리조트 CC,18,2026-05-10,주말,오후,172593,117.14,True,False,https://www.monkeytravel.com/gu/ko/golf/guam-golf/product/product_detail.php?product_id=1076788717,,False
2026-04-28 22:49:46,소노펠리체CC 괌 탈로포포,golf_guam_talofofo,레오팔레스 리조트 CC,몽키트래블,레오팔레스 리조트 CC,18,2026-05-11,주중,오전,172593,117.14,True,False,https://www.monkeytravel.com/gu/ko/golf/guam-golf/product/product_detail.php?product_id=1076788717,,False
2026-04-28 22:49:46,소노펠리체CC 괌 탈로포포,golf_guam_talofofo,레오팔레스 리조트 CC,몽키트래블,레오팔레스 리조트 CC,18,2026-05-11,주중,오후,172593,117.14,True,False,https://www.monkeytravel.com/gu/ko/golf/guam-golf/product/product_detail.php?product_id=1076788717,,False
2026-04-28 22:49:48,소노펠리체CC 괌 탈로포포,golf_guam_talofofo,레오팔레스 리조트 CC,몽키트래블,레오팔레스 리조트 CC,18,2026-05-12,주중,오전,172593,117.14,True,False,https://www.monkeytravel.com/gu/ko/golf/guam-golf/product/product_detail.php?product_id=1076788717,,False
2026-04-28 22:49:48,소노펠리체CC 괌 탈로포포,golf_guam_talofofo,레오팔레스 리조트 CC,몽키트래블,레오팔레스 리조트 CC,18,2026-05-12,주중,오후,172593,117.14,True,False,https://www.monkeytravel.com/gu/ko/golf/guam-golf/product/product_detail.php?product_id=1076788717,,False
2026-04-28 22:49:50,소노펠리체CC 괌 탈로포포,golf_guam_talofofo,레오팔레스 리조트 CC,AGL,레오팔레스 리조트 CC,18,2026-04-28,주중,최저가,203300,137.99,False,False,https://www.tigerbooking.com/ko/golf-course/teetime/1/GU,,False
2026-04-28 22:49:50,소노펠리체CC 괌 탈로포포,golf_guam_talofofo,CCP (컨트리 클럽 오브 더 퍼시픽),몽키트래블,CCP (컨트리 클럽 오브 더 퍼시픽),18,2026-04-29,주중,오전,168090,114.09,True,False,https://www.monkeytravel.com/gu/ko/golf/guam-golf/product/product_detail.php?product_id=1076788719,,False
2026-04-28 22:49:50,소노펠리체CC 괌 탈로포포,golf_guam_talofofo,CCP (컨트리 클럽 오브 더 퍼시픽),몽키트래블,CCP (컨트리 클럽 오브 더 퍼시픽),18,2026-04-29,주중,오후,168090,114.09,True,False,https://www.monkeytravel.com/gu/ko/golf/guam-golf/product/product_detail.php?product_id=1076788719,,False
2026-04-28 22:49:52,소노펠리체CC 괌 탈로포포,golf_guam_talofofo,CCP (컨트리 클럽 오브 더 퍼시픽),몽키트래블,CCP (컨트리 클럽 오브 더 퍼시픽),18,2026-04-30,주중,오전,168090,114.09,True,False,https://www.monkeytravel.com/gu/ko/golf/guam-golf/product/product_detail.php?product_id=1076788719,,False
2026-04-28 22:49:52,소노펠리체CC 괌 탈로포포,golf_guam_talofofo,CCP (컨트리 클럽 오브 더 퍼시픽),몽키트래블,CCP (컨트리 클럽 오브 더 퍼시픽),18,2026-04-30,주중,오후,168090,114.09,True,False,https://www.monkeytravel.com/gu/ko/golf/guam-golf/product/product_detail.php?product_id=1076788719,,False
2026-04-28 22:49:54,소노펠리체CC 괌 탈로포포,golf_guam_talofofo,CCP (컨트리 클럽 오브 더 퍼시픽),몽키트래블,CCP (컨트리 클럽 오브 더 퍼시픽),18,2026-05-01,주중,오전,168090,114.09,True,False,https://www.monkeytravel.com/gu/ko/golf/guam-golf/product/product_detail.php?product_id=1076788719,,False
2026-04-28 22:49:54,소노펠리체CC 괌 탈로포포,golf_guam_talofofo,CCP (컨트리 클럽 오브 더 퍼시픽),몽키트래블,CCP (컨트리 클럽 오브 더 퍼시픽),18,2026-05-01,주중,오후,168090,114.09,True,False,https://www.monkeytravel.com/gu/ko/golf/guam-golf/product/product_detail.php?product_id=1076788719,,False
2026-04-28 22:49:56,소노펠리체CC 괌 탈로포포,golf_guam_talofofo,CCP (컨트리 클럽 오브 더 퍼시픽),몽키트래블,CCP (컨트리 클럽 오브 더 퍼시픽),18,2026-05-02,주말,오전,168090,114.09,True,False,https://www.monkeytravel.com/gu/ko/golf/guam-golf/product/product_detail.php?product_id=1076788719,,False
2026-04-28 22:49:56,소노펠리체CC 괌 탈로포포,golf_guam_talofofo,CCP (컨트리 클럽 오브 더 퍼시픽),몽키트래블,CCP (컨트리 클럽 오브 더 퍼시픽),18,2026-05-02,주말,오후,168090,114.09,True,False,https://www.monkeytravel.com/gu/ko/golf/guam-golf/product/product_detail.php?product_id=1076788719,,False
2026-04-28 22:49:58,소노펠리체CC 괌 탈로포포,golf_guam_talofofo,CCP (컨트리 클럽 오브 더 퍼시픽),몽키트래블,CCP (컨트리 클럽 오브 더 퍼시픽),18,2026-05-03,주말,오전,168090,114.09,True,False,https://www.monkeytravel.com/gu/ko/golf/guam-golf/product/product_detail.php?product_id=1076788719,,False
2026-04-28 22:49:58,소노펠리체CC 괌 탈로포포,golf_guam_talofofo,CCP (컨트리 클럽 오브 더 퍼시픽),몽키트래블,CCP (컨트리 클럽 오브 더 퍼시픽),18,2026-05-03,주말,오후,168090,114.09,True,False,https://www.monkeytravel.com/gu/ko/golf/guam-golf/product/product_detail.php?product_id=1076788719,,False
2026-04-28 22:50:00,소노펠리체CC 괌 탈로포포,golf_guam_talofofo,CCP (컨트리 클럽 오브 더 퍼시픽),몽키트래블,CCP (컨트리 클럽 오브 더 퍼시픽),18,2026-05-04,주중,오전,168090,114.09,True,False,https://www.monkeytravel.com/gu/ko/golf/guam-golf/product/product_detail.php?product_id=1076788719,,False
2026-04-28 22:50:00,소노펠리체CC 괌 탈로포포,golf_guam_talofofo,CCP (컨트리 클럽 오브 더 퍼시픽),몽키트래블,CCP (컨트리 클럽 오브 더 퍼시픽),18,2026-05-04,주중,오후,168090,114.09,True,False,https://www.monkeytravel.com/gu/ko/golf/guam-golf/product/product_detail.php?product_id=1076788719,,False
2026-04-28 22:50:02,소노펠리체CC 괌 탈로포포,golf_guam_talofofo,CCP (컨트리 클럽 오브 더 퍼시픽),몽키트래블,CCP (컨트리 클럽 오브 더 퍼시픽),18,2026-05-05,주중,오전,168090,114.09,True,False,https://www.monkeytravel.com/gu/ko/golf/guam-golf/product/product_detail.php?product_id=1076788719,,False
2026-04-28 22:50:02,소노펠리체CC 괌 탈로포포,golf_guam_talofofo,CCP (컨트리 클럽 오브 더 퍼시픽),몽키트래블,CCP (컨트리 클럽 오브 더 퍼시픽),18,2026-05-05,주중,오후,168090,114.09,True,False,https://www.monkeytravel.com/gu/ko/golf/guam-golf/product/product_detail.php?product_id=1076788719,,False
2026-04-28 22:50:04,소노펠리체CC 괌 탈로포포,golf_guam_talofofo,CCP (컨트리 클럽 오브 더 퍼시픽),몽키트래블,CCP (컨트리 클럽 오브 더 퍼시픽),18,2026-05-06,주중,오전,168090,114.09,True,False,https://www.monkeytravel.com/gu/ko/golf/guam-golf/product/product_detail.php?product_id=1076788719,,False
2026-04-28 22:50:04,소노펠리체CC 괌 탈로포포,golf_guam_talofofo,CCP (컨트리 클럽 오브 더 퍼시픽),몽키트래블,CCP (컨트리 클럽 오브 더 퍼시픽),18,2026-05-06,주중,오후,168090,114.09,True,False,https://www.monkeytravel.com/gu/ko/golf/guam-golf/product/product_detail.php?product_id=1076788719,,False
2026-04-28 22:50:06,소노펠리체CC 괌 탈로포포,golf_guam_talofofo,CCP (컨트리 클럽 오브 더 퍼시픽),몽키트래블,CCP (컨트리 클럽 오브 더 퍼시픽),18,2026-05-07,주중,오전,168090,114.09,True,False,https://www.monkeytravel.com/gu/ko/golf/guam-golf/product/product_detail.php?product_id=1076788719,,False
2026-04-28 22:50:06,소노펠리체CC 괌 탈로포포,golf_guam_talofofo,CCP (컨트리 클럽 오브 더 퍼시픽),몽키트래블,CCP (컨트리 클럽 오브 더 퍼시픽),18,2026-05-07,주중,오후,168090,114.09,True,False,https://www.monkeytravel.com/gu/ko/golf/guam-golf/product/product_detail.php?product_id=1076788719,,False
2026-04-28 22:50:08,소노펠리체CC 괌 탈로포포,golf_guam_talofofo,CCP (컨트리 클럽 오브 더 퍼시픽),몽키트래블,CCP (컨트리 클럽 오브 더 퍼시픽),18,2026-05-08,주중,오전,168090,114.09,True,False,https://www.monkeytravel.com/gu/ko/golf/guam-golf/product/product_detail.php?product_id=1076788719,,False
2026-04-28 22:50:08,소노펠리체CC 괌 탈로포포,golf_guam_talofofo,CCP (컨트리 클럽 오브 더 퍼시픽),몽키트래블,CCP (컨트리 클럽 오브 더 퍼시픽),18,2026-05-08,주중,오후,168090,114.09,True,False,https://www.monkeytravel.com/gu/ko/golf/guam-golf/product/product_detail.php?product_id=1076788719,,False
2026-04-28 22:50:09,소노펠리체CC 괌 탈로포포,golf_guam_talofofo,CCP (컨트리 클럽 오브 더 퍼시픽),몽키트래블,CCP (컨트리 클럽 오브 더 퍼시픽),18,2026-05-09,주말,오전,168090,114.09,True,False,https://www.monkeytravel.com/gu/ko/golf/guam-golf/product/product_detail.php?product_id=1076788719,,False
2026-04-28 22:50:09,소노펠리체CC 괌 탈로포포,golf_guam_talofofo,CCP (컨트리 클럽 오브 더 퍼시픽),몽키트래블,CCP (컨트리 클럽 오브 더 퍼시픽),18,2026-05-09,주말,오후,168090,114.09,True,False,https://www.monkeytravel.com/gu/ko/golf/guam-golf/product/product_detail.php?product_id=1076788719,,False
2026-04-28 22:50:11,소노펠리체CC 괌 탈로포포,golf_guam_talofofo,CCP (컨트리 클럽 오브 더 퍼시픽),몽키트래블,CCP (컨트리 클럽 오브 더 퍼시픽),18,2026-05-10,주말,오전,168090,114.09,True,False,https://www.monkeytravel.com/gu/ko/golf/guam-golf/product/product_detail.php?product_id=1076788719,,False
2026-04-28 22:50:11,소노펠리체CC 괌 탈로포포,golf_guam_talofofo,CCP (컨트리 클럽 오브 더 퍼시픽),몽키트래블,CCP (컨트리 클럽 오브 더 퍼시픽),18,2026-05-10,주말,오후,168090,114.09,True,False,https://www.monkeytravel.com/gu/ko/golf/guam-golf/product/product_detail.php?product_id=1076788719,,False
2026-04-28 22:50:13,소노펠리체CC 괌 탈로포포,golf_guam_talofofo,CCP (컨트리 클럽 오브 더 퍼시픽),몽키트래블,CCP (컨트리 클럽 오브 더 퍼시픽),18,2026-05-11,주중,오전,168090,114.09,True,False,https://www.monkeytravel.com/gu/ko/golf/guam-golf/product/product_detail.php?product_id=1076788719,,False
2026-04-28 22:50:13,소노펠리체CC 괌 탈로포포,golf_guam_talofofo,CCP (컨트리 클럽 오브 더 퍼시픽),몽키트래블,CCP (컨트리 클럽 오브 더 퍼시픽),18,2026-05-11,주중,오후,168090,114.09,True,False,https://www.monkeytravel.com/gu/ko/golf/guam-golf/product/product_detail.php?product_id=1076788719,,False
2026-04-28 22:50:15,소노펠리체CC 괌 탈로포포,golf_guam_talofofo,CCP (컨트리 클럽 오브 더 퍼시픽),몽키트래블,CCP (컨트리 클럽 오브 더 퍼시픽),18,2026-05-12,주중,오전,168090,114.09,True,False,https://www.monkeytravel.com/gu/ko/golf/guam-golf/product/product_detail.php?product_id=1076788719,,False
2026-04-28 22:50:15,소노펠리체CC 괌 탈로포포,golf_guam_talofofo,CCP (컨트리 클럽 오브 더 퍼시픽),몽키트래블,CCP (컨트리 클럽 오브 더 퍼시픽),18,2026-05-12,주중,오후,168090,114.09,True,False,https://www.monkeytravel.com/gu/ko/golf/guam-golf/product/product_detail.php?product_id=1076788719,,False
2026-04-28 22:50:17,소노펠리체CC 괌 탈로포포,golf_guam_talofofo,CCP (컨트리 클럽 오브 더 퍼시픽),AGL,CCP (컨트리 클럽 오브 더 퍼시픽),18,,,,0,0.0,False,False,https://www.tigerbooking.com/ko/golf-course/teetime/1/GU,inquiry_only_no_price,False
2026-04-28 22:50:17,소노펠리체CC 괌 탈로포포,golf_guam_talofofo,CCP (컨트리 클럽 오브 더 퍼시픽),KKday,CCP (컨트리 클럽 오브 더 퍼시픽),18,,,,0,0.0,False,False,https://www.kkday.com/en/product/156004,product_not_found_404,False
2026-04-28 22:50:17,소노펠리체CC 괌 탈로포포,golf_guam_talofofo,퍼시픽링스 괌 (GICC),몽키트래블,괌 인터내셔널 컨트리 클럽,18,,,,0,0.0,False,False,https://www.monkeytravel.com/gu/ko/golf/guam-golf/product/product_detail.php?product_id=1076788718,no_data,False
2026-04-28 22:50:19,소노펠리체CC 괌 탈로포포,golf_guam_talofofo,퍼시픽링스 괌 (GICC),몽키트래블,괌 인터내셔널 컨트리 클럽,18,,,,0,0.0,False,False,https://www.monkeytravel.com/gu/ko/golf/guam-golf/product/product_detail.php?product_id=1076788718,no_data,False
2026-04-28 22:50:21,소노펠리체CC 괌 탈로포포,golf_guam_talofofo,퍼시픽링스 괌 (GICC),몽키트래블,괌 인터내셔널 컨트리 클럽,18,,,,0,0.0,False,False,https://www.monkeytravel.com/gu/ko/golf/guam-golf/product/product_detail.php?product_id=1076788718,no_data,False
2026-04-28 22:50:23,소노펠리체CC 괌 탈로포포,golf_guam_talofofo,퍼시픽링스 괌 (GICC),몽키트래블,괌 인터내셔널 컨트리 클럽,18,,,,0,0.0,False,False,https://www.monkeytravel.com/gu/ko/golf/guam-golf/product/product_detail.php?product_id=1076788718,no_data,False
2026-04-28 22:50:25,소노펠리체CC 괌 탈로포포,golf_guam_talofofo,퍼시픽링스 괌 (GICC),몽키트래블,괌 인터내셔널 컨트리 클럽,18,,,,0,0.0,False,False,https://www.monkeytravel.com/gu/ko/golf/guam-golf/product/product_detail.php?product_id=1076788718,no_data,False
2026-04-28 22:50:27,소노펠리체CC 괌 탈로포포,golf_guam_talofofo,퍼시픽링스 괌 (GICC),몽키트래블,괌 인터내셔널 컨트리 클럽,18,,,,0,0.0,False,False,https://www.monkeytravel.com/gu/ko/golf/guam-golf/product/product_detail.php?product_id=1076788718,no_data,False
2026-04-28 22:50:29,소노펠리체CC 괌 탈로포포,golf_guam_talofofo,퍼시픽링스 괌 (GICC),몽키트래블,괌 인터내셔널 컨트리 클럽,18,,,,0,0.0,False,False,https://www.monkeytravel.com/gu/ko/golf/guam-golf/product/product_detail.php?product_id=1076788718,no_data,False
2026-04-28 22:50:30,소노펠리체CC 괌 탈로포포,golf_guam_talofofo,퍼시픽링스 괌 (GICC),몽키트래블,괌 인터내셔널 컨트리 클럽,18,,,,0,0.0,False,False,https://www.monkeytravel.com/gu/ko/golf/guam-golf/product/product_detail.php?product_id=1076788718,no_data,False
2026-04-28 22:50:32,소노펠리체CC 괌 탈로포포,golf_guam_talofofo,퍼시픽링스 괌 (GICC),몽키트래블,괌 인터내셔널 컨트리 클럽,18,,,,0,0.0,False,False,https://www.monkeytravel.com/gu/ko/golf/guam-golf/product/product_detail.php?product_id=1076788718,no_data,False
2026-04-28 22:50:34,소노펠리체CC 괌 탈로포포,golf_guam_talofofo,퍼시픽링스 괌 (GICC),몽키트래블,괌 인터내셔널 컨트리 클럽,18,,,,0,0.0,False,False,https://www.monkeytravel.com/gu/ko/golf/guam-golf/product/product_detail.php?product_id=1076788718,no_data,False
2026-04-28 22:50:36,소노펠리체CC 괌 탈로포포,golf_guam_talofofo,퍼시픽링스 괌 (GICC),몽키트래블,괌 인터내셔널 컨트리 클럽,18,,,,0,0.0,False,False,https://www.monkeytravel.com/gu/ko/golf/guam-golf/product/product_detail.php?product_id=1076788718,no_data,False
2026-04-28 22:50:38,소노펠리체CC 괌 탈로포포,golf_guam_talofofo,퍼시픽링스 괌 (GICC),몽키트래블,괌 인터내셔널 컨트리 클럽,18,,,,0,0.0,False,False,https://www.monkeytravel.com/gu/ko/golf/guam-golf/product/product_detail.php?product_id=1076788718,no_data,False
2026-04-28 22:50:40,소노펠리체CC 괌 탈로포포,golf_guam_talofofo,퍼시픽링스 괌 (GICC),몽키트래블,괌 인터내셔널 컨트리 클럽,18,,,,0,0.0,False,False,https://www.monkeytravel.com/gu/ko/golf/guam-golf/product/product_detail.php?product_id=1076788718,no_data,False
2026-04-28 22:50:42,소노펠리체CC 괌 탈로포포,golf_guam_talofofo,퍼시픽링스 괌 (GICC),몽키트래블,괌 인터내셔널 컨트리 클럽,18,,,,0,0.0,False,False,https://www.monkeytravel.com/gu/ko/golf/guam-golf/product/product_detail.php?product_id=1076788718,no_data,False
2026-04-28 22:50:43,소노펠리체CC 괌 탈로포포,golf_guam_talofofo,퍼시픽링스 괌 (GICC),AGL,괌 인터내셔널 컨트리 클럽,18,,,,0,0.0,False,False,https://www.tigerbooking.com/ko/golf-course/teetime/1/GU,inquiry_only_no_price,False
